Comune;Provincia;Denominazione sito;Indirizzo;Numero civico;ID Anagrafe
ARCISATE;VARESE;Amm. Villa Cicogna Mazzoni sas;Lago;;303
ARCISATE;VARESE;ATAG;;;6
BIANDRONNO;VARESE;Area Soc. Whirlpool e Soc. Moto Italia;Cassinetta;-;12467
BRUNELLO;VARESE;AREA INDUSTRIALE  CBM s.r.l.. - CLS s.r.l.;CAMPO DI MAGGIO;21;2096
BRUNELLO;VARESE;ex AREA ITALTRACTOR/PASSINI/ITM;Campo di Maggio;;16308
BUSTO ARSIZIO;VARESE;CONSORZIO ACCAM;COMUNALE DI ARCONATE;121;3263
BUSTO ARSIZIO;VARESE;Ex area Piantanida;VIA ZAPPELLINI ANGOLO VICOLO LANDRIANI;;13835
BUSTO ARSIZIO;VARESE;Ex manifattura di Ferno - Proprietà Interpart P. R. 2/02 -P.E. 128/03 e 129/03;Mazzini - Dei Mille;-;5063
CARDANO AL CAMPO;VARESE;AREA CARABELLI-ex centrale idrocarburi;al Parco;48;15591
CARONNO PERTUSELLA;VARESE;BENASEDO SPA;ASIAGO;332;3278
CARONNO PERTUSELLA;VARESE;dipharma francis srl;origgio;23;9086
CARONNO PERTUSELLA;VARESE;Discarica abusiva rifiuti speciali;strada poderale in fregio SP 16;;1935
CARONNO PERTUSELLA;VARESE;SITAI INOX S.r.l.;ASIAGO;244;3632
CASORATE SEMPIONE;VARESE;AEREOPORTO MALPENSA- Aree A - B- C - ex-RAM oggi RAI;aereoporto;;9307
CASORATE SEMPIONE;VARESE;EX PV 3515, TOTAL Italia dismissione serbatoi;S.S 33 Sempione km 43+485;54;11106
CASSANO MAGNAGO;VARESE;ex Cava Gasparoli - Opera Infrastrutturale Pedemontana;tangenziale di Varese - tratta A8-A9 collegamento autostradale Dalmine-Como-Varese -Valico del Gaggiolo;;14986
CASTELLANZA;VARESE;Area di Via Campo Sportivo;Campo Sportivo;;7833
CASTELLANZA;VARESE;AREA EX MONTEDISON;SEMPIONE;13;2961
CASTELLANZA;VARESE;AREA VIA BRAMBILLA - PROPRIETA' PRIVATA;Brambilla;20;15886
CASTELLANZA;VARESE;EDIFICIO ARTIGIANALE EX TOTRNERIA MECCANICA;Brambilla;20;15887
CASTELLANZA;VARESE;Impianto di lavaggio Ditta Landini;Don Minzoni;52;5029
CASTRONNO;VARESE;AREA DI SERVIZIO AUTOSTRADA A8 - BRUGHIERA OVEST - P.V. ESSO 0665;A8;-;5174
CISLAGO;VARESE;Area Via Vismara;Vismara;;9180
CITTIGLIO;VARESE;PUNTO VENDITA AGIP N. S7082;394;;3685
CROSIO DELLA VALLE;VARESE;P.V. AGIP 2848;Risorgimento;12;5218
DAVERIO;VARESE;proprietà Biasatti  Via Boffalora;Boffalora;-;5094
DAVERIO;VARESE;P.V. TOTAL;Battisti;75;6201
FAGNANO OLONA;VARESE;Sversamento di idrocarburi  Fiume Olona;Pastrengo;29;5217
GALLARATE;VARESE;"area ""ex Officine del gas""";Matteotti;3;4373
GALLARATE;VARESE;Ex area industriale Cucirini Ardea;Bergamo;5/7;9871
GALLARATE;VARESE;TIFITEX SRL;ADIGE;12;3359
GAVIRATE;VARESE;P.V. Ex IP 6474;1 località Voltorre;-;5133
GERENZANO;VARESE;Discarica di Gerenzano;;;88
GORLA MINORE;VARESE;POZZO CARBOFUEL;;;3699
LAVENA PONTE TRESA;VARESE;COMPLESSO EDILIZIO TRESA PLASTIC-CNS1 COMPARTO 9A;Zanzi;;13996
LAVENO-MOMBELLO;VARESE;Area ex Ceramica Lago;De Angeli;s.n.c.;7403
LAVENO-MOMBELLO;VARESE;CERAMICA INDUSTRIALE DI LAVENO VERBANO COOP.  a.r.l.  - ex RICHARD GINORI;XXV Aprile;;97
LAVENO-MOMBELLO;VARESE;DISTRIBUTORE CARBURANTI;Reno;;15146
LONATE POZZOLO;VARESE;CANTIERE EX TESSITURA SOLBIATI;Giordano e Giassi loc.S.Antonino;;11248
LONATE POZZOLO;VARESE;Ex Fonderia Bottarini;S. Pellico;-;7945
LONATE POZZOLO;VARESE;PV AGIP 2872;"572 ""Bustese""";-;5202
LUINO;VARESE;Area di compostaggio, località Cucco di Voldomino;Gorizia;-;6427
MALNATE;VARESE;AREA EX RONCORONI MOLE ED EX SIOME;1° MAGGIO E VIA MACAZZOLA;;3680
MALNATE;VARESE;AREA EX SIOME, IMMOBILIARE OLMO;GORIZIA;;3197
MALNATE;VARESE;Cava CATTANEO;COMO;1;109
MALNATE;VARESE;Cava Maccecchini;Maccecchini;;10165
MARNATE;VARESE;Area stoccaggio rifiuti;Trento;;5058
MORNAGO;VARESE;"ex ""Galstaff Multiresine"" ora ""Hickson Coasting S.r.l.""";STAZIONE;90;2190
OGGIONA CON SANTO STEFANO;VARESE;Area Ex Tansini;Ronchetti;-;7650
ORIGGIO;VARESE;CLARIANT LSM ITALIA S.P.A.;EUROPA;5;2892
RANCO;VARESE;CAMPO SPORTIVO COMUNALE;QUASSA;;3297
SARONNO;VARESE;AREA DISMESSA EX STAMPERIA ITALIANA TESSUTI S.r.l. - proprietà GRANDI MARCHE FRANCESI Srl;SAMPIETRO;8;3694
SARONNO;VARESE;AREA IMMOBILIARE G.B. SARONNO SPA ex-Isotta Fraschini;MILANO;11;3363
SARONNO;VARESE;"Area industriale dismessa ""exManifattura Ceramica Pozzi"" - soc. I.R.I.D. Srl";Balasso;11;2262
SARONNO;VARESE;Area Industriale dismessa -  MECFIN S.P.A.;MILANO;7;2793
SARONNO;VARESE;AREA INDUSTRISALE DISMESSA;Sampietro;1;13846
SARONNO;VARESE;AREA PROPRIETA' PRIVATA;Raffaello Sanzio;14;16627
SARONNO;VARESE;AREA VIA ROMA;Roma;58;16567
SARONNO;VARESE;CANTIERE CEMSA SPA-EX DE NORA SPAISI - INVESTIMENTO SVILUPPO IMMOBILIARE SRL;FERRARI;;2356
SARONNO;VARESE;EX TINTORIA SARONNESE;Bainsizza;;15288
SARONNO;VARESE;IMMOBILIARE MARCONI SRL EX PARMA ANTONIO E FIGLI SPA;MARCONI;75;3289
SESTO CALENDE;VARESE;EX SIAI MARCHETTI;INDIPENDENZA;2;2966
SOLBIATE OLONA;VARESE;STABILIMENTO HEXION EX EX AREA BAKELITE ITALIA SPA;Mazzini;104;1878
SOMMA LOMBARDO;VARESE;AREA A SW DISCARICA DI VERGIATE;discarica;;16248
SOMMA LOMBARDO;VARESE;SITO INDUSTRIALE DISMESSO - Trasporti BrianeseG. & C. srl;Galilei;;9148
TAINO;VARESE;Area Ex Montedison;Campaccio;-;5215
TRAVEDONA-MONATE;VARESE;EX DISCARICA COMUNALE;Bosco;;14866
UBOLDO;VARESE;Area  SICAD SpA ex CONTARDO;Caduti della Liberazione;57;7647
UBOLDO;VARESE;Ditta  LU.VE.  SpA CONTARDO;Caduti della Liberazione;57;230
VARESE;VARESE;"Area comparto CA7, area ""Ex conciaria cornelia di Valle Olona""";Dalmazia;55;13406
VARESE;VARESE;Area Via Dalmazia 23;Dalmazia;23;5194
VARESE;VARESE;Azienda agricola;Vetta d'Italia;40;16413
VARESE;VARESE;ex-RFT S.P.A.;AURELIO SAFFI;12;3000
VARESE;VARESE;MV Agusta Motors spa;G Macchi - loc. Schiranna;144;9129
VARESE;VARESE;P.V. ESSO 673;EUROPA;82;3692
VARESE;VARESE;P.V. TOTAL 4233;Livarese Lissago;-;6482
VARESE;VARESE;SOC. CILES SRL;Vivirolo;9/15;13989
VENEGONO INFERIORE;VARESE;AERMACCHI SPA;AREA CAMPO VOLO;;3284
VENEGONO SUPERIORE;VARESE;ALENIA AERMACCHI;Paolo Foresio;1;16426
AROSIO;COMO;AREA VIA DE GASPERI;s.p 32;;16247
CADORAGO;COMO;P.V. TAMOIL ADS8701 Lario Ovest;A9;-;5019
CAMPIONE D'ITALIA;COMO;Area condominiale;Italia;7;14829
CANTU';COMO;P.V. ESSO 0768;Mazzini;20;4999
CAPIAGO INTIMIANO;COMO;Ex P.V. Q8 1482;Ariberto;34;10147
CARUGO;COMO;AREA EX NESPOLI;Cadorna;;11626
CASTELMARTE;COMO;EX DITTA GAL-FOR;Tagliamento;14;9810
COMO;COMO;AREA ADIBITA A PARCHEGGIO;Scalabrini;46;16186
COMO;COMO;Area Bellaria;Muggiò;-;6109
COMO;COMO;Area CARIM;Scalabrini;38;7966
COMO;COMO;Area condominiale;TORRIANI;30/32;3309
COMO;COMO;Area ex Ticosa;Grandi - Viale Roosevelt;-;6983
COMO;COMO;ex Tintoria Lombarda;Castellini;;9565
COMO;COMO;P.V. AGIP 1919;Rosselli;19;4983
FIGINO SERENZA;COMO;DISCARICA EX FERRIERE ORSENIGO;;;85
FINO MORNASCO;COMO;ex-COGNIS S.P.A  - BASF Italia s.p.a.;SCALABRINI;34;2955
GUANZATE;COMO;SINISTRO DEL 12/05/03 S.P. 25 RIBALTAMENTO AUTOCISTERNA;PATRIOTTI;-;3836
LOMAZZO;COMO;INVENYS CONTROLS ITALY SRL;del Seprio;42;10511
LOMAZZO;COMO;S.P. 23 località Malpensata;23;-;5002
LUISAGO;COMO;P.V. ERG CO211;Risorgimento S.S. 35 dei Giovi;-;8347
LUISAGO;COMO;Stabilimento Lechler;De Gasperi;1;4995
MAGREGLIO;COMO;Ex P.V. carburanti IP 41782;Adua;38;10448
MOLTRASIO;COMO;Sversamento gasolio presso area parcheggio;Durini;-;4994
MONGUZZO;COMO;P.V. AGIP 1902;7 Valassina;-;5005
MONTANO LUCINO;COMO;PROPRIETA' PRIVATA;Capueta;19;16609
MONTANO LUCINO;COMO;SVERSAMENTO OLIO 26.11.2012;Manzoni;12;15713
OLTRONA DI SAN MAMETTE;COMO;DITTA STAR SPA;DOMINIONI;2;3302
SOLBIATE;COMO;P.V. TOTALERG, ex CO178, S.S. 342 km 73+350;342;-;4996
SORICO;COMO;AREA DI DISCARICA EX FALCK - CAGIVA;PIAN DI SPAGNA;;2380
TAVERNERIO;COMO;P.V. Q8 1488;Briantea;23;5003
VERCANA;COMO;Area agricola;Antica Regina;-;3268
VERTEMATE CON MINOPRIO;COMO;Area ex galvanica Bosazzi;Giovanni XXIII;-;7483
VILLA GUARDIA;COMO;Leucadia S.p.a.;Via Monte Bianco;14;7770
VILLA GUARDIA;COMO;Residenza Petrarca, rimozione serbatoio interrato;Varesina ang. via Pascoli;-;16409
GORDONA;SONDRIO;Aree esterne ditta SPORTS RDP;SOTTO STALLA BINI;;2851
GORDONA;SONDRIO;Aree esterne ditta SPORTS RDP;SOTTO STALLA BINI;;2851
NOVATE MEZZOLA;SONDRIO;Ex acciaierie Falck di Novate Mezzola e discarica di Samolaco. Proprietà Novamet;36;;286
NOVATE MEZZOLA;SONDRIO;LARIO SCAVI SRL;BUSAN;;3282
ABBIATEGRASSO;CITTA' METROPOLITANA DI MILANO;Area Impianto di Termodistruzione Comunale;F. M. VISCONTI - Loc. Mendosio;nd;3634
ABBIATEGRASSO;CITTA' METROPOLITANA DI MILANO;AUTODEMO;PASCOLI ANG. FOGAZZARO;;3638
ABBIATEGRASSO;CITTA' METROPOLITANA DI MILANO;Ex-DISCARICA Comunale RSU area ex-depuratore;CASCINA FONTANA;nd;3633
ABBIATEGRASSO;CITTA' METROPOLITANA DI MILANO;P.V. ESSO 0425;Mazzini;84;4942
ABBIATEGRASSO;CITTA' METROPOLITANA DI MILANO;P.V. SHELL 49031;Mazzini;179/b;9873
ARCONATE;CITTA' METROPOLITANA DI MILANO;ditta Manifattura Castiglioni S.p.A.;Industria;52/54;2297
ARCONATE;CITTA' METROPOLITANA DI MILANO;EX VASCHE DI SPAGLIAMENTO DELLA FOGNATURA COMUNALE;;;2576
ARESE;CITTA' METROPOLITANA DI MILANO;Area ex ALFA ROMEO, FIAT AUTO, INGEST - Soc Immobiliare Estate Sei S.p.A.;KENNEDY;;301
ARESE;CITTA' METROPOLITANA DI MILANO;soc. Promez srl, ex TRE FIORI;Ospiate - Rho;;718
ARLUNO;CITTA' METROPOLITANA DI MILANO;DITTA SARPOM SPA;PER TURBIGO;;2773
ARLUNO;CITTA' METROPOLITANA DI MILANO;TIRO A VOLO ARLUNESE;PER CORBETTA;;2812
ASSAGO;CITTA' METROPOLITANA DI MILANO;Achille Immobiliare EX MINGHETTI & C. SRL, ex-CAM IMMOBILIARE Srl;DONIZETTI;6;3419
ASSAGO;CITTA' METROPOLITANA DI MILANO;AREA CARREFOUR;-;-;4001
ASSAGO;CITTA' METROPOLITANA DI MILANO;AREA SERBATOI PALAZZO A;palazzo a ingresso 3 strada 4;;11007
ASSAGO;CITTA' METROPOLITANA DI MILANO;Autotrasporti Gallotti Luciano srl - Sinistro del 19/12/06;Ovest - nei pressi dello svincolo per Genova;km 20+200;6486
ASSAGO;CITTA' METROPOLITANA DI MILANO;MTBE c/o svincolo tangenziale W;Milano serravalle;;12403
BERNATE TICINO;CITTA' METROPOLITANA DI MILANO;EX DISCARICA DI RIFIUTI SOLIDI URBANI LUNGO LA TRATTA CAV TO -MI;KM 98+000 DELLA TRATTA CAV TO-MI;-;4174
BINASCO;CITTA' METROPOLITANA DI MILANO;RESINDION SRL;ROGGIA BAREGGIA;;3448
BOLLATE;CITTA' METROPOLITANA DI MILANO;Area Agricola Malerba/Placidia;Ferraris;34;4713
BOLLATE;CITTA' METROPOLITANA DI MILANO;Area Agricola Malerba/Placidia;Ferraris;34;4713
BOLLATE;CITTA' METROPOLITANA DI MILANO;AREA EX SILPA;Milano;60;790
BOLLATE;CITTA' METROPOLITANA DI MILANO;AREA EX SILPA;Milano;60;790
BOLLATE;CITTA' METROPOLITANA DI MILANO;IMM.RE PLACIDIA S.R.L. IN LIQUIDAZIONE;FERRARIS;;2353
BOLLATE;CITTA' METROPOLITANA DI MILANO;IMM.RE PLACIDIA S.R.L. IN LIQUIDAZIONE;FERRARIS;;2353
BOLLATE;CITTA' METROPOLITANA DI MILANO;P.V. Shell 49049;Milano;31/33;12827
BOLLATE;CITTA' METROPOLITANA DI MILANO;P.V. Shell 49049;Milano;31/33;12827
BOLLATE;CITTA' METROPOLITANA DI MILANO;SET TELECOMUNICAZIONI SPA;BELGIOIOSO;;2402
BOLLATE;CITTA' METROPOLITANA DI MILANO;SET TELECOMUNICAZIONI SPA;BELGIOIOSO;;2402
BRESSO;CITTA' METROPOLITANA DI MILANO;NEMA Srl - LOMBARDA TRASFORMATORI;MARCONI;7;3643
BUCCINASCO;CITTA' METROPOLITANA DI MILANO;area comunale;DELLA RESISTENZA;15;3572
BUCCINASCO;CITTA' METROPOLITANA DI MILANO;Area di Via Lucania;LUCANIA;2;3147
BUCCINASCO;CITTA' METROPOLITANA DI MILANO;Area ex La Triveneta Cavi gruppo LTC ex area Cabel;Libertà;5;9109
BUCCINASCO;CITTA' METROPOLITANA DI MILANO;"Area ""ex SOLFRENE""Condominio Via Buozzi 22";PALERMO;31;4524
BUCCINASCO;CITTA' METROPOLITANA DI MILANO;"Area ""ex SOLFRENE""Posteggio Penny Market";PALERMO;31;4533
BUCCINASCO;CITTA' METROPOLITANA DI MILANO;Area Finlema - Ex-Cip4, ex-Grecale srl;PALERMO;31;3649
BUCCINASCO;CITTA' METROPOLITANA DI MILANO;BRUSSA S.r.l.;DELLA RESISTENZA;62;3652
BUCCINASCO;CITTA' METROPOLITANA DI MILANO;EUROPRESSVIT S.r.l.;VENETO;10;3622
BUCCINASCO;CITTA' METROPOLITANA DI MILANO;GALVANICA GENTILE S.r.l.;PIEMONTE;38;3650
BUSCATE;CITTA' METROPOLITANA DI MILANO;ex Industria Conciaria, ditta VALPO Srl, mappale 267 foglio10 - CPS Srl;MASCAGNI;8;2859
BUSSERO;CITTA' METROPOLITANA DI MILANO;MODERCROMO SRL;Genova;3;9266
BUSTO GAROLFO;CITTA' METROPOLITANA DI MILANO;DISCARICA RIFIUTI URBANI E ASSIMILABILI;BRUGHIEREZZA;;3206
BUSTO GAROLFO;CITTA' METROPOLITANA DI MILANO;Ditta Rimoldi Necchi srl;;;29
CALVIGNASCO;CITTA' METROPOLITANA DI MILANO;ditta Sodimec S.r.l.;Roggia Tolentina;;2303
CAMBIAGO;CITTA' METROPOLITANA DI MILANO;Ex cava GERRI;Gerri;;33
CANEGRATE;CITTA' METROPOLITANA DI MILANO;ITS, FIOR-GIEFFE;RAVENNA;;34
CANEGRATE;CITTA' METROPOLITANA DI MILANO;PV KUWAIT 1252;F.lli Bandiera;60;15855
CARPIANO;CITTA' METROPOLITANA DI MILANO;AREA AZIENDA AGRICOLA;Cascina Colnago;;7926
CARUGATE;CITTA' METROPOLITANA DI MILANO;FRABOADESIVI S.P.A.;GARIBALDI;76/78;2916
CASARILE;CITTA' METROPOLITANA DI MILANO;piano recupero  ZR4 -EX MACELLO;Binasco;76;13226
CASARILE;CITTA' METROPOLITANA DI MILANO;STABILIMENTO HENKEL LOCTITE ADESIVI S.r.l.;PUCCINI;65/67;3646
CASOREZZO;CITTA' METROPOLITANA DI MILANO;EX IMPIANTO DI DEPURAZIONE;;;3382
CASSINA DE'PECCHI;CITTA' METROPOLITANA DI MILANO;CONSORZIO CONSAGA;CASCINA SAN MORO;;3148
CASTANO PRIMO;CITTA' METROPOLITANA DI MILANO;Area industriale dismessa;Marconi;1;14842
CASTANO PRIMO;CITTA' METROPOLITANA DI MILANO;AREE SPAGLIAMENTO FOGNATURA LOC. MALVAGLIO E SOMELLI;-;-;3381
CERRO AL LAMBRO;CITTA' METROPOLITANA DI MILANO;CASCINA GAZZERA;CASCINA GAZZERA;;55
CERRO AL LAMBRO;CITTA' METROPOLITANA DI MILANO;Discarica  ex Chimica Saronio;per Melegnano;;56
CERRO MAGGIORE;CITTA' METROPOLITANA DI MILANO;EX CROMOS TNF SPA;statale saronese km 27,7;;14068
CERRO MAGGIORE;CITTA' METROPOLITANA DI MILANO;POLO BARAGGIA;cCerro e Rescaldina;;16113
CESANO BOSCONE;CITTA' METROPOLITANA DI MILANO;P.V. IP 42635;Pasubio;-;4939
CINISELLO BALSAMO;CITTA' METROPOLITANA DI MILANO;AREA DI SERVIZIO ADS LAMBRO SUD -PVF 0054;a4 km 135+900;;15429
CINISELLO BALSAMO;CITTA' METROPOLITANA DI MILANO;AREA DI VIA ROBECCO;Robecco;69;9181
CINISELLO BALSAMO;CITTA' METROPOLITANA DI MILANO;PER BRESSO;Per Bresso;;15752
CINISELLO BALSAMO;CITTA' METROPOLITANA DI MILANO;P.V 2157 TAMOIL;Brianza;31;11109
COLOGNO MONZESE;CITTA' METROPOLITANA DI MILANO;Area Ex Sirom-CIS 24;Milano;-;8071
COLOGNO MONZESE;CITTA' METROPOLITANA DI MILANO;edificio a uso industriale EX AGOSTONI;Pisa;43;12286
COLOGNO MONZESE;CITTA' METROPOLITANA DI MILANO;IMMOBILIARE MARTESANA SRL;MILANO;;3432
COLOGNO MONZESE;CITTA' METROPOLITANA DI MILANO;PIANO PARTCOLAREGGIATO C.I.S. 21, CASCINA  MELGHERA VIA CALAMANDREI, C.SO EUROPA, VIA CAVALLOTTI.;CALAMANDREI;;2674
COLOGNO MONZESE;CITTA' METROPOLITANA DI MILANO;PV 4038 TOTAL FINA ELF - COLOGNO EST;TANGENZIALE EST DIREZIONE NORD;;3494
COLOGNO MONZESE;CITTA' METROPOLITANA DI MILANO;TERRENI  VIALE EUROPA;Europa;0;15851
CORMANO;CITTA' METROPOLITANA DI MILANO;Area condominiale;XXIV Maggio;67;6039
CORMANO;CITTA' METROPOLITANA DI MILANO;Area EX NYMCO;dei Giovi;6;9141
CORMANO;CITTA' METROPOLITANA DI MILANO;Area ex Officine Standard;Galilei;-;7564
CORMANO;CITTA' METROPOLITANA DI MILANO;ex siai lerici;Leopardi angolo Europa;;15432
CORMANO;CITTA' METROPOLITANA DI MILANO;OROPRESS SPA;Statale dei Giovi;102/104;9391
CORMANO;CITTA' METROPOLITANA DI MILANO;SU.PER SRL;GRAMSCI;41;3445
CORNAREDO;CITTA' METROPOLITANA DI MILANO;DITTA LUBRA  S.p.A.;Edison;4;4059
CORNAREDO;CITTA' METROPOLITANA DI MILANO;EX DISCARICA DI RIFIUTI SOLIDI URBANI LUNGO LA TRATTA CAV TO-MI;KM 117 + 300;;4175
CORSICO;CITTA' METROPOLITANA DI MILANO;P.V. ESSO 0426;Milano;9;4098
CORSICO;CITTA' METROPOLITANA DI MILANO;PVF 0469 ESSO ITALIANA Srl;Resistenza;48/50;2856
CUSAGO;CITTA' METROPOLITANA DI MILANO;UNIVAR SpA;VOLTA;49/51;3619
CUSANO MILANINO;CITTA' METROPOLITANA DI MILANO;P.V. ESSO 0303;Dei Fiori;-;4508
GAGGIANO;CITTA' METROPOLITANA DI MILANO;Area industriale dismessa;ROMA E VIA GARIBALDI;;4115
GAGGIANO;CITTA' METROPOLITANA DI MILANO;Consorzio Agrario di Milano e Lodi;Marconi;-;6422
GAGGIANO;CITTA' METROPOLITANA DI MILANO;P.V. TAMOIL 6126;MANZONI;3/5;2777
GARBAGNATE MILANESE;CITTA' METROPOLITANA DI MILANO;AREA EX MOKARABIA;Roma;94;13830
GARBAGNATE MILANESE;CITTA' METROPOLITANA DI MILANO;HERMELIN BIGLIARDI S.R.L.;DELLE BRUGHIERE;4;2683
GARBAGNATE MILANESE;CITTA' METROPOLITANA DI MILANO;L'INCISIONE SPA;MERONI;26/28;2919
GORGONZOLA;CITTA' METROPOLITANA DI MILANO;P.V.Total n. 1194, ora TotalErg Spa;Provinciale S.P. 13 Km 12+140;-;10446
GUDO VISCONTI;CITTA' METROPOLITANA DI MILANO;Area Via Cornaggia 2 - Ditta Nula Antonino;Cornaggia;2;9450
INVERUNO;CITTA' METROPOLITANA DI MILANO;ex CROMATURA GARAGIOLA - ditta G.G.I. Garagiola Galvaniche Inveruno;PALESTRO;15;2876
INVERUNO;CITTA' METROPOLITANA DI MILANO;EX OLEIFICIO F.LLI BELLOLI;NOVEMBRE, MONTEBELLO, BRERA;;2920
INZAGO;CITTA' METROPOLITANA DI MILANO;CASCINA PIROGALLA;CASCINA PIROGALLA;;2922
LACCHIARELLA;CITTA' METROPOLITANA DI MILANO;OLEODOTTO SIGEMI- incidente del 9.5.2013;Mettone -SP 40 Melegnano/Binasco;;16346
LACCHIARELLA;CITTA' METROPOLITANA DI MILANO;OMAR ex PETROLDRAGON;;;94
LACCHIARELLA;CITTA' METROPOLITANA DI MILANO;SIGEMI- CASCINA CROCINA;KM 4 + 700;;3090
LAINATE;CITTA' METROPOLITANA DI MILANO;EX TRAFILERIE DI LAINATE;Manzoni;39;13726
LAINATE;CITTA' METROPOLITANA DI MILANO;"P.V. AGIP 51905, A8 ""Villoresi Ovest""";A8;-;4476
LEGNANO;CITTA' METROPOLITANA DI MILANO;Area dismessa di via Manzoni;Manzoni;43;13107
LEGNANO;CITTA' METROPOLITANA DI MILANO;AREA EX STASER;PISA;21;4071
LEGNANO;CITTA' METROPOLITANA DI MILANO;PENSOTTI - AREA A;S.Bernardino-Firenze-Sabotino-Pisa;;10706
LEGNANO;CITTA' METROPOLITANA DI MILANO;SITO INDUSTRIALE DISMESSO;Resegone;;13426
LEGNANO;CITTA' METROPOLITANA DI MILANO;VOLONTERIO FEDELE S.R.L.;CADORE;32;2926
LOCATE DI TRIULZI;CITTA' METROPOLITANA DI MILANO;Area Ex latteria San Giorgio;-;-;4717
MAGNAGO;CITTA' METROPOLITANA DI MILANO;EX VASCHE DI SPAGLIAMENTO FOGNATURA COMUNALE;;;3383
MARCALLO CON CASONE;CITTA' METROPOLITANA DI MILANO;Area di Via Damiano Chiesa;Damiano Chiesa;-;15069
MARCALLO CON CASONE;CITTA' METROPOLITANA DI MILANO;EX DISCARICA DI RIFIUTI SOLIDI URBANI LUNGO TRATTA CAV TO-MI;KM 105 + 300 DELLA TRATTA CAV TO-MI;;4173
MEDIGLIA;CITTA' METROPOLITANA DI MILANO;Ca' del Lambro;;;115
MEDIGLIA;CITTA' METROPOLITANA DI MILANO;MAPEI - parco serbatoi;Provinciale;159;13752
MELZO;CITTA' METROPOLITANA DI MILANO;P.V. ESSO 058- Impianto stradale vendita Carburanti;Cristoforo Colombo;5;3931
MELZO;CITTA' METROPOLITANA DI MILANO;stabilimento Mondadori;Marco Polo;2;7225
MILANO;CITTA' METROPOLITANA DI MILANO;ADS AGIP 12194 Cascina Gobba Ovest;Est Milano - Dir. Bologna;;7828
MILANO;CITTA' METROPOLITANA DI MILANO;AMSA SPA;ZAMA;31/33;7243
MILANO;CITTA' METROPOLITANA DI MILANO;AREA ALER -  ZAMA SALOMONE;SALOMONE /ZAMA;;2753
MILANO;CITTA' METROPOLITANA DI MILANO;AREA AMBROS SARO;De Amicis;20-22;12526
MILANO;CITTA' METROPOLITANA DI MILANO;AREA AMSA;Olgettina;23-25;15148
MILANO;CITTA' METROPOLITANA DI MILANO;AREA ARTIGIANALE DISMESSA;Cola di Rienzo/Montecatini;5/7;15890
MILANO;CITTA' METROPOLITANA DI MILANO;AREA ARTIGIANALE DISMESSA;Troya angolo S.Cristoforo;24/32;12426
MILANO;CITTA' METROPOLITANA DI MILANO;AREA AUTORIMESSA VARESINA;Panfilo Nuvolone;5;13246
MILANO;CITTA' METROPOLITANA DI MILANO;AREA CASCINA MEZZATE;Manzù;;16306
MILANO;CITTA' METROPOLITANA DI MILANO;AREA CASCINA S. GIUSEPPE;ADRIANO;-;3968
MILANO;CITTA' METROPOLITANA DI MILANO;Area condominiale;MEDA;34;3991
MILANO;CITTA' METROPOLITANA DI MILANO;Area condominiale;TULIPANI;13;3109
MILANO;CITTA' METROPOLITANA DI MILANO;Area condominiale  -  dismissione serbatoio interrato;astico;12/14;3763
MILANO;CITTA' METROPOLITANA DI MILANO;Area condominiale - rimozione serbatoio;Magenta;65;4314
MILANO;CITTA' METROPOLITANA DI MILANO;Area condominiale - Rimozione serbatoio;cuoco;4;3716
MILANO;CITTA' METROPOLITANA DI MILANO;Area condominiale - serbatoi centrale termica;della Marna;7/9;4362
MILANO;CITTA' METROPOLITANA DI MILANO;AREA CONDOMINIO;Colombo;5;15628
MILANO;CITTA' METROPOLITANA DI MILANO;AREA CONDOMINIO;Costanza;41;15152
MILANO;CITTA' METROPOLITANA DI MILANO;Area di Largo Giambellino 129;Largo Giambellino;129;8046
MILANO;CITTA' METROPOLITANA DI MILANO;AREA DI PROPRIETA DI MIR IMMOBILIARE;Privata Chieti;9/1;11107
MILANO;CITTA' METROPOLITANA DI MILANO;Area dismessa - ex autodemolizioni;LITTA MODIGNANI;98;3470
MILANO;CITTA' METROPOLITANA DI MILANO;Area  Dismessa Ex Centrale del Latte;Castelbarco;27;9354
MILANO;CITTA' METROPOLITANA DI MILANO;AREA DI VIA ADRIANO 6O ALER;Adriano;60;15529
MILANO;CITTA' METROPOLITANA DI MILANO;AREA DI VIA AJRAGHI 40;AJRAGHI;40;3911
MILANO;CITTA' METROPOLITANA DI MILANO;Area di Via Alberto Mario 15-19;Alberto Mario;15 - 19;11866
MILANO;CITTA' METROPOLITANA DI MILANO;AREA DI VIA ALTAGUARDIA;Altaguardia;11;12632
MILANO;CITTA' METROPOLITANA DI MILANO;AREA DI VIA BREMBO;Brembo;3;13999
MILANO;CITTA' METROPOLITANA DI MILANO;AREA DI VIA CERMENATE;Ceermenate;38;15513
MILANO;CITTA' METROPOLITANA DI MILANO;AREA DI VIA COGNE;Cogne;0;16126
MILANO;CITTA' METROPOLITANA DI MILANO;AREA DI VIA DEMOSTENE;Demostene;10;15456
MILANO;CITTA' METROPOLITANA DI MILANO;AREA DI VIA EINSTEIN;Einstein;6;14207
MILANO;CITTA' METROPOLITANA DI MILANO;AREA DI VIA FRASSINETTI;Frassinetti;25;9485
MILANO;CITTA' METROPOLITANA DI MILANO;AREA DI VIA FREIKHOFEL;Freikhofel;26;16445
MILANO;CITTA' METROPOLITANA DI MILANO;Area di Via Gallarate 263-265-267-269-271-273-275;Gallarate;-;12957
MILANO;CITTA' METROPOLITANA DI MILANO;AREA DI VIA GASTONE DA FOIX;Gastone da Foix/Attendolo Muzio Sforza;;14085
MILANO;CITTA' METROPOLITANA DI MILANO;AREA DI VIA GIUDICE DONADONI;Giudice Donadoni;6;15531
MILANO;CITTA' METROPOLITANA DI MILANO;AREA DI VIALE FORLANINI;Forlanini;65/75;14446
MILANO;CITTA' METROPOLITANA DI MILANO;Area di Via le Toscana - ex Vetreria Lusvardi;Toscana;13;10365
MILANO;CITTA' METROPOLITANA DI MILANO;AREA DI VIA MASINA;Masina;5;16327
MILANO;CITTA' METROPOLITANA DI MILANO;AREA DI VIA MIRAMARE;Miramare;10;15511
MILANO;CITTA' METROPOLITANA DI MILANO;AREA DI VIA PASTORELLI;Pastorelli;19;16386
MILANO;CITTA' METROPOLITANA DI MILANO;AREA DI VIA PIAZZALE DELLO SPORT;Via Piazzale dello Sport;12;15514
MILANO;CITTA' METROPOLITANA DI MILANO;AREA DI VIA PRINCIPE EUGENIO 1, 3, 5;Principe Eugenio;1,3,5;13347
MILANO;CITTA' METROPOLITANA DI MILANO;AREA DI VIA RIZZARDI;Fratelli Rizzardi;45;14836
MILANO;CITTA' METROPOLITANA DI MILANO;AREA DI VIA RIZZOLI;Rizzoli;;14130
MILANO;CITTA' METROPOLITANA DI MILANO;AREA DI VIA SALA;Sala;12;9946
MILANO;CITTA' METROPOLITANA DI MILANO;AREA DI VIA TORINO, PALLA, LUPETTA;Torino, Palla, Lupetta;;15512
MILANO;CITTA' METROPOLITANA DI MILANO;AREA DI VIA TREBAZIO 4;Trebazio;4;15528
MILANO;CITTA' METROPOLITANA DI MILANO;AREA DI VIA VARESINA 60;Varesina;60;16448
MILANO;CITTA' METROPOLITANA DI MILANO;AREA DI VIA VIPACCO 38;Vipacco;38;15460
MILANO;CITTA' METROPOLITANA DI MILANO;AREA EX COSTANTE SESINO S.p.A.;DOBERDO';28;3933
MILANO;CITTA' METROPOLITANA DI MILANO;AREA EX ENEL - ISOLATO 2;Bramante;49;15894
MILANO;CITTA' METROPOLITANA DI MILANO;AREA EX FAEMA;VENTURA;15;2556
MILANO;CITTA' METROPOLITANA DI MILANO;AREA EX FIERA contractor TRE TORRI;-;-;4191
MILANO;CITTA' METROPOLITANA DI MILANO;AREA EX IVI PPG POLITECNICO;La Masa;17 -20;15874
MILANO;CITTA' METROPOLITANA DI MILANO;Area Ex LUCEPLAN S.p.a.;Moneta;46;6424
MILANO;CITTA' METROPOLITANA DI MILANO;Area EXPO 2015;Milano-Rho;;15007
MILANO;CITTA' METROPOLITANA DI MILANO;Area ex Senesi;Oslavia;21;7631
MILANO;CITTA' METROPOLITANA DI MILANO;AREA EX SILBAR;ANDREA PONTI;5;3877
MILANO;CITTA' METROPOLITANA DI MILANO;AREA EX SQUEO;CUOCO E V.LE PUGLIE;;3950
MILANO;CITTA' METROPOLITANA DI MILANO;AREA EX STAZIONE DI PORTA VITTORIA - SETTORE UCP5, UCP3 e BEIC;-;-;3949
MILANO;CITTA' METROPOLITANA DI MILANO;AREA EX TESSITURA ROSINA;Privata Antonio da Saluzzo;5;12846
MILANO;CITTA' METROPOLITANA DI MILANO;AREA EX TIBB MILANO;LODI;3;2589
MILANO;CITTA' METROPOLITANA DI MILANO;AREA GARIBALDI REPUBBLICA - PARCO FONDAZIONE CATELLASOCIETA' IN.G.RE. S.C.R.L.;GAETANO DE CASTILLIA;28;5395
MILANO;CITTA' METROPOLITANA DI MILANO;AREA GARIBALDI REPUBBLICA - PARCO FONDAZIONE CATELLASOCIETA' IN.G.RE. S.C.R.L.;GAETANO DE CASTILLIA;28;5396
MILANO;CITTA' METROPOLITANA DI MILANO;AREA IDEA SRL;Orsini;11;13986
MILANO;CITTA' METROPOLITANA DI MILANO;Area industriale dismessa;Pichi;15;15450
MILANO;CITTA' METROPOLITANA DI MILANO;Area industriale dismessa;VEZZA D'OGLIO;8;2639
MILANO;CITTA' METROPOLITANA DI MILANO;AREA INDUSTRIALE DISMESSA - ADAMELLO S.A.S.;TACITO;8;3704
MILANO;CITTA' METROPOLITANA DI MILANO;Area industriale dismessa - Ex S.I.S.;ISARCO;2;15252
MILANO;CITTA' METROPOLITANA DI MILANO;AREA INTERMEDRI;PANTELLERIA;4;3953
MILANO;CITTA' METROPOLITANA DI MILANO;AREA  ISTITUTO FARMACEUTICO MARIO NEGRI;Eritrea angolo Via De Pisis-Via Aldini;62, 9;16326
MILANO;CITTA' METROPOLITANA DI MILANO;"AREA I.T.I.S. ""GIORGI""";liguria;21;3707
MILANO;CITTA' METROPOLITANA DI MILANO;AREA LACERENZA;Alessandro Litta Modignani;112/114;14433
MILANO;CITTA' METROPOLITANA DI MILANO;AREA LA PIAZZA - EX PATTERSON PIRELLI - BICOCCA;;;2703
MILANO;CITTA' METROPOLITANA DI MILANO;AREA MAIN WALL;Varesina;91;13247
MILANO;CITTA' METROPOLITANA DI MILANO;Area nuova sede Regione Lombardia;Melchiorre Gioia;-;4256
MILANO;CITTA' METROPOLITANA DI MILANO;AREA PARCO U3 - Garibaldi Repubblica;Gioia/Liberazione;;16387
MILANO;CITTA' METROPOLITANA DI MILANO;AREA PII ISOLA-LUNETTA;De Castillia;14/16;14084
MILANO;CITTA' METROPOLITANA DI MILANO;AREA PIRELLI;CAVIGLIA;3;2695
MILANO;CITTA' METROPOLITANA DI MILANO;Area Pirelli Bicocca-Collina dei Ciliegi;Sarca;136;276
MILANO;CITTA' METROPOLITANA DI MILANO;AREA PROPRIETA BOCCONI;Bligny;22;15736
MILANO;CITTA' METROPOLITANA DI MILANO;AREA PUNTO VENDITA Q8;RONCHI;21;3732
MILANO;CITTA' METROPOLITANA DI MILANO;AREA RAGIT;CHIASSERINI;68;3874
MILANO;CITTA' METROPOLITANA DI MILANO;AREA SERBATOIO C/O STABILE;Ippodromo- p.le dello Sport;134;12634
MILANO;CITTA' METROPOLITANA DI MILANO;AREA SERVIZIO 2527;Muggiano est;;16130
MILANO;CITTA' METROPOLITANA DI MILANO;Area Sexta srl;Monviso;17;15169
MILANO;CITTA' METROPOLITANA DI MILANO;Area Via Arrighi;Arrighi;19;4403
MILANO;CITTA' METROPOLITANA DI MILANO;AREA Via Boezio;Boezio;20;16431
MILANO;CITTA' METROPOLITANA DI MILANO;AREA VIA BRUNI Monomilano;Bruni;10;12506
MILANO;CITTA' METROPOLITANA DI MILANO;AREA VIA BRUZZESI ANGOLO GIAMBELLINO;Bruzzesi/angolo Giambellino;36;15316
MILANO;CITTA' METROPOLITANA DI MILANO;AREA VIA CALABRIA ANGOLO VIA CANTONI;Calabria angolo Cantoni;0;11829
MILANO;CITTA' METROPOLITANA DI MILANO;AREA VIA CARLO TORRE;Carlo Torre;39/41;16526
MILANO;CITTA' METROPOLITANA DI MILANO;Area Via Concilio Vaticano II e Via Cascina dei Prati;Concilio Vaticano II e Via Cascina dei Prati;-;8227
MILANO;CITTA' METROPOLITANA DI MILANO;AREA VIA DEI MOCENIGO;dei Mocenigo;7/9;11386
MILANO;CITTA' METROPOLITANA DI MILANO;AREA VIA DON MINZONI 27-29;Don Minzoni;27-29;15458
MILANO;CITTA' METROPOLITANA DI MILANO;AREA VIA E.T.MONETA mappale 219;Moneta;;15725
MILANO;CITTA' METROPOLITANA DI MILANO;AREA VIA G. DA CERMENATE;G.da Cermenate;38;15524
MILANO;CITTA' METROPOLITANA DI MILANO;AREA VIA INGANNI;Inganni;12;16311
MILANO;CITTA' METROPOLITANA DI MILANO;AREA VIA LOMELLINA;Lomellina;28;15733
MILANO;CITTA' METROPOLITANA DI MILANO;AREA VIA LUNIGIANA SOFIBI SRL;Lunigiana;39;12400
MILANO;CITTA' METROPOLITANA DI MILANO;AREA VIA MANTEGNA 6;Mantegna;6;15264
MILANO;CITTA' METROPOLITANA DI MILANO;Area Via Pellizzone 4;Pellizzone;4;16407
MILANO;CITTA' METROPOLITANA DI MILANO;AREA VIA PEZZOTTI;Pezzotti;6;15629
MILANO;CITTA' METROPOLITANA DI MILANO;AREA VIA ROVELLO;Rovello;14/16;15718
MILANO;CITTA' METROPOLITANA DI MILANO;Area Via Rubattino;Rubattino;84;4387
MILANO;CITTA' METROPOLITANA DI MILANO;AREA VIA SAVONA 25;Savona;25;15147
MILANO;CITTA' METROPOLITANA DI MILANO;Area Via Terzaghi;Terzaghi;-;4317
MILANO;CITTA' METROPOLITANA DI MILANO;Area via  Verne 1;Verne;1;12958
MILANO;CITTA' METROPOLITANA DI MILANO;AREA VOLTRI/DI RUDINI;Voltri-Di Rudini;;15852
MILANO;CITTA' METROPOLITANA DI MILANO;ATM NUOVO DEPOSITO TRANVIARIO DI PRECOTTO linea 1 Metropolitana;ANASSAGORA;11;3884
MILANO;CITTA' METROPOLITANA DI MILANO;B.G.T Impresa di costruzioni srl;Cola di Rienzo;12;12398
MILANO;CITTA' METROPOLITANA DI MILANO;BROGGI EGIDIO snc;GENTILINO;13/A;3839
MILANO;CITTA' METROPOLITANA DI MILANO;Carrozzeria Alfieri;Bertini;19;16631
MILANO;CITTA' METROPOLITANA DI MILANO;CASA DI CURA CAPITANIO - dismissione serbatoi;MERCALLI;30;3873
MILANO;CITTA' METROPOLITANA DI MILANO;CASCINA PALMA;Rogoredo;16;13466
MILANO;CITTA' METROPOLITANA DI MILANO;CEMAR S.a.s.;Lombroso;54;4360
MILANO;CITTA' METROPOLITANA DI MILANO;CO FI SE, SOCIETA' ITALIANA CALZATURE SPA;MECENATE;76;3111
MILANO;CITTA' METROPOLITANA DI MILANO;COMPARTO EX  PHARMACIA;Imbonati;24;14126
MILANO;CITTA' METROPOLITANA DI MILANO;CONDOMINI DI VIA TERAMO;TERAMO, 9/10 - 5/6 - 3/4;;3910
MILANO;CITTA' METROPOLITANA DI MILANO;CONDOMINIO DI VIA LIUTPRANDO;Liutprando;9;14838
MILANO;CITTA' METROPOLITANA DI MILANO;DEPOSITO AUTOMAROCCHI SPA - SHELL ITALIA;DELLA CHIESA ROSSA;277;2521
MILANO;CITTA' METROPOLITANA DI MILANO;DISTRIBUTORE API;BASSINI;35;2541
MILANO;CITTA' METROPOLITANA DI MILANO;EFFEPIUNO S.r.l.;FANTOLI;6;3717
MILANO;CITTA' METROPOLITANA DI MILANO;ELECTROCLEANING S.r.l.;MELI;30;3966
MILANO;CITTA' METROPOLITANA DI MILANO;ESSO ITALIANA SRL;PONTE NUOVO;15;3084
MILANO;CITTA' METROPOLITANA DI MILANO;EX ANSALDO;SARCA;336;6460
MILANO;CITTA' METROPOLITANA DI MILANO;Ex area industriale La Forgiatura;Varesina;;8244
MILANO;CITTA' METROPOLITANA DI MILANO;EX ARRIGO PINI;Verro;21;15457
MILANO;CITTA' METROPOLITANA DI MILANO;EX  AUSCHEM;DE NOTARIS;;2512
MILANO;CITTA' METROPOLITANA DI MILANO;Ex Calchi e Taeggi e Carmagnani,  ex cava Geregnano tra le vie: Lorenteggio, Gonin, Giordani e Bisceglie;Gonin;36;2229
MILANO;CITTA' METROPOLITANA DI MILANO;EX CARROZZERIA BELVEDERE;San Bernardo;22;10969
MILANO;CITTA' METROPOLITANA DI MILANO;ex cava Lucchini;;;274
MILANO;CITTA' METROPOLITANA DI MILANO;EX DEPOSITO OLI MINERALI;PADOVA;401;3823
MILANO;CITTA' METROPOLITANA DI MILANO;ex Distillerie Lombarde di Catrame, CASCINA ROSSA SRL;Cosenz;54;130
MILANO;CITTA' METROPOLITANA DI MILANO;EX FELTRINELLI;lambruschini;33;9770
MILANO;CITTA' METROPOLITANA DI MILANO;ex Ferriera Redaelli Società Milano Santa Giulia;ROGOREDO;7;128
MILANO;CITTA' METROPOLITANA DI MILANO;EX F.M.C;Pitteri;8;10672
MILANO;CITTA' METROPOLITANA DI MILANO;EX FONDERIE VEDANI;Schievano;7;9287
MILANO;CITTA' METROPOLITANA DI MILANO;ex INDUSTRIE CHIMICHE MEOTTI;Richard;24;9311
MILANO;CITTA' METROPOLITANA DI MILANO;ex MAGGIONI;FORLANINI;23;131
MILANO;CITTA' METROPOLITANA DI MILANO;EX NEOBIT - 2;San Faustino;46;13932
MILANO;CITTA' METROPOLITANA DI MILANO;Ex pompe Peroni;delle Forze Armate;310/5 314;14527
MILANO;CITTA' METROPOLITANA DI MILANO;EX PUNTO VENDITA API;rucellai;50;3730
MILANO;CITTA' METROPOLITANA DI MILANO;EX PUNTO VENDITA COLORI IP - CENTRAL NORD GAS S.r.l.;RONCAGLIA;12/14;4127
MILANO;CITTA' METROPOLITANA DI MILANO;EX P.V.  2227 TAMOIL ITALIA SPA;CASSINIS;14;2831
MILANO;CITTA' METROPOLITANA DI MILANO;Ex P.V. 8482 Tamoil Piazzale Farina;Farina;15;8917
MILANO;CITTA' METROPOLITANA DI MILANO;EX P.V. COLORI TAMOIL;DE SANCTIS;11/A;3927
MILANO;CITTA' METROPOLITANA DI MILANO;Ex PV di Via Sabaudia 4 società Sperati Attilio e C. carburanti Lubrificanti;Sabaudia;4;15366
MILANO;CITTA' METROPOLITANA DI MILANO;EX PV Q8 N. 1156;Lorenteggio;243;15509
MILANO;CITTA' METROPOLITANA DI MILANO;ex Schlumberger;SAVONA;97;134
MILANO;CITTA' METROPOLITANA DI MILANO;EX SIAPI;Bressan;29/31;15428
MILANO;CITTA' METROPOLITANA DI MILANO;EX STAZIONE DI PORTA VITTORIA - SETTORE RESIDENZIALE;CENA;;3941
MILANO;CITTA' METROPOLITANA DI MILANO;EX TENAX - FLEXA SIS ORA AREA R.O.M.A.;COLICO;3/5;14306
MILANO;CITTA' METROPOLITANA DI MILANO;FONDAZIONE E.A FIERA INTERNAZIONALE  DI MILANO AREA CERNIERA;c/o Polo Fiera Milano;;15248
MILANO;CITTA' METROPOLITANA DI MILANO;Immobile in Via S. Sandri, 1;Sandro Sandri;1;11229
MILANO;CITTA' METROPOLITANA DI MILANO;IMMOBILIARE CRISTALLO;Lorenteggio;246;16310
MILANO;CITTA' METROPOLITANA DI MILANO;IMMOBILIARE FANTI SRL;Mezzofanti;11;15627
MILANO;CITTA' METROPOLITANA DI MILANO;IMMOBILIARE FOLLI;Folli;24/30;12399
MILANO;CITTA' METROPOLITANA DI MILANO;INIZIATIVE INDUSTRIALI MILANO S.P.A., AREA MAGNAGHI AEROSPACE SPA;STAMIRA D'ANCONA;27;2825
MILANO;CITTA' METROPOLITANA DI MILANO;MAGNIFICAE DOMUS S.r.l. - AREA EX OFFICINE MECCANICHE SACERDOTI;BREDA;120;4125
MILANO;CITTA' METROPOLITANA DI MILANO;MAX MAYER-DUCO, PPG Industries Italia Srl;COMASINA;121;2568
MILANO;CITTA' METROPOLITANA DI MILANO;METROPOLITANA 5 - DEPOSITO MARINO;Fulvio Testi;329;9446
MILANO;CITTA' METROPOLITANA DI MILANO;METROPOLITANA M5 POZZO PONALE-BIGNAMI;isola bignami;;10691
MILANO;CITTA' METROPOLITANA DI MILANO;METROPOLITANA MILANESE M5 AREA  PI ISOLA-LUNETTA;Garibaldi-Isola;;9431
MILANO;CITTA' METROPOLITANA DI MILANO;MILANOSERRAVALLE - MILANOTANGENZIALI;A51 TANG. EST MILANO;';3586
MILANO;CITTA' METROPOLITANA DI MILANO;MILANO VIA CONCONI 7 -AREA C;Conconi;7;13567
MILANO;CITTA' METROPOLITANA DI MILANO;nosedo, ex discarica Porto di Mare;San Arialdo;;129
MILANO;CITTA' METROPOLITANA DI MILANO;NUOVO DEPOSITO AUTOBUS ATM;MARIGNANO;;3977
MILANO;CITTA' METROPOLITANA DI MILANO;OFFICINE METALLURGICHE BROGGI S.p.A.;LAMBRUSCHINI;4;3770
MILANO;CITTA' METROPOLITANA DI MILANO;Ospedale Maggiore Policlinico di Milano, Riqualificazione area LOTTO 1B;Sforza;28/25;13936
MILANO;CITTA' METROPOLITANA DI MILANO;Ospedale Niguarda Cà Granda, dismissione impianto produttivo;dell'Ospedale Maggiore;3;4401
MILANO;CITTA' METROPOLITANA DI MILANO;PALAZZINA DI VIA TIBALDI;Tibaldi;28;14426
MILANO;CITTA' METROPOLITANA DI MILANO;Penta Costruzioni S.r.l.;Binda;16;5564
MILANO;CITTA' METROPOLITANA DI MILANO;PIANO FAMAGOSTA-MAGGI-PALATUCCI-DEL MARE proprietà IRIS SRL;Famagosta-maggi-palatucci-del mare;;11708
MILANO;CITTA' METROPOLITANA DI MILANO;PICCARDINO S.r.l.;COLUMELLA;16;3972
MILANO;CITTA' METROPOLITANA DI MILANO;PII EX CARTIERE BINDA -LOTTO U4;Alzaia Naviglio Pavese;260;13847
MILANO;CITTA' METROPOLITANA DI MILANO;"PII Santa Giulia - ""Montecity-Rogoredo"" proprietà Milano Santa Giulia s.p.a.";Bonfadini;148;13350
MILANO;CITTA' METROPOLITANA DI MILANO;PPG  INDUSTRIES - AREA NORD E AREA SUD;La Masa;19,20;137
MILANO;CITTA' METROPOLITANA DI MILANO;PRU Pompeo Leoni/pietrasanta area ex Pirelli;Ripamonti;88;2222
MILANO;CITTA' METROPOLITANA DI MILANO;PUNTO VENDITA AGIP 54367;GALLARATE;391;3771
MILANO;CITTA' METROPOLITANA DI MILANO;PUNTO VENDITA AGIP N. 2523;FANTOLI;18;3734
MILANO;CITTA' METROPOLITANA DI MILANO;PUNTO VENDITA IP 2348;REMBRANDT;70;3960
MILANO;CITTA' METROPOLITANA DI MILANO;PUNTO VENDITA SHELL N. 49491;DE GASPERI;2/4;3885
MILANO;CITTA' METROPOLITANA DI MILANO;PV 1302, TOTAL FINA ELF ITALIA SPA;BACCHIGLIONE;21;3092
MILANO;CITTA' METROPOLITANA DI MILANO;PV 575, ESSO ITALIANA SRL;MECENATE - ANGOLO VIA FANTOLI;95;3081
MILANO;CITTA' METROPOLITANA DI MILANO;P.V.  ACI - ANG. VIA TRAIANO;ACCURSIO;;3408
MILANO;CITTA' METROPOLITANA DI MILANO;P.V. AGIP 2246;TOSCANA - Largo Beethoven;;3957
MILANO;CITTA' METROPOLITANA DI MILANO;P.V. AGIP N 12310;CADUTI DEL LAVORO;;2756
MILANO;CITTA' METROPOLITANA DI MILANO;P.V. AGIP N. 55673;GALLARATE;40;3954
MILANO;CITTA' METROPOLITANA DI MILANO;P.V. AGIP PETROLI. Punto vendita n.2118;BELFANTI;;2584
MILANO;CITTA' METROPOLITANA DI MILANO;PV CARBURANTI BEYFIN;Ripamonti;483;16087
MILANO;CITTA' METROPOLITANA DI MILANO;P.V. ERG MI192;S. Rita da Cascia;60;4357
MILANO;CITTA' METROPOLITANA DI MILANO;PV ESSO 0081;Leoncavallo;25;5577
MILANO;CITTA' METROPOLITANA DI MILANO;P.V. ESSO 0175;Marochetti;142;8307
MILANO;CITTA' METROPOLITANA DI MILANO;P.V ESSO 0302;Fulvio Testi;200;9433
MILANO;CITTA' METROPOLITANA DI MILANO;PV ESSO 2136;Arzaga angolo Benedettini;20;14552
MILANO;CITTA' METROPOLITANA DI MILANO;P.V. ESSO 2137;LORENTEGGIO;272;3754
MILANO;CITTA' METROPOLITANA DI MILANO;PV IP 43873;Rembrandt;25;8105
MILANO;CITTA' METROPOLITANA DI MILANO;P.V. Q8 1176;SANTA RITA DA CASCIA;41;4120
MILANO;CITTA' METROPOLITANA DI MILANO;P.V. SHELL 49274;CHIESA ROSSA;157;2758
MILANO;CITTA' METROPOLITANA DI MILANO;P.V. SHELL 49.489;CECHOV;44;2755
MILANO;CITTA' METROPOLITANA DI MILANO;RFI  - CENTRO SMISTAMENTO;Cima;20;16329
MILANO;CITTA' METROPOLITANA DI MILANO;Scuola comunale via Colonna 42 - serbatoio interrato;Vittoria Colonna;42;16412
MILANO;CITTA' METROPOLITANA DI MILANO;SIEMENS SPA;Vipiteno;4;13934
MILANO;CITTA' METROPOLITANA DI MILANO;SIEMENS SPA;Vipiteno;4;15250
MILANO;CITTA' METROPOLITANA DI MILANO;Sito di Via Gattamelata 34, rimozione serbatoio;Gattamelata;30-34;15871
MILANO;CITTA' METROPOLITANA DI MILANO;SITO INDUSTRIALE DISMESSO;Monti Sabini;10/9;10307
MILANO;CITTA' METROPOLITANA DI MILANO;Società Sviluppo Linate area ex Montedison Via Candiani;Candiani  ang. Bovisasca;;139
MILANO;CITTA' METROPOLITANA DI MILANO;società TRIANTO, AREA EX ARCHIFAR;Trivulzio;18;271
MILANO;CITTA' METROPOLITANA DI MILANO;S.P. COSTRUZIONI;S. ELEMBARDO;7;3766
MILANO;CITTA' METROPOLITANA DI MILANO;STABILE DI PROPRIETA' ALER;NEERA;7;3738
MILANO;CITTA' METROPOLITANA DI MILANO;Stabile - dismissione serbatoio;Sally Mayer;6;10646
MILANO;CITTA' METROPOLITANA DI MILANO;STABILE PROPRIETA' ALER;NEERA;11;3887
MILANO;CITTA' METROPOLITANA DI MILANO;Stabile - rimozione serbatoio;macedonio melloni;34;3703
MILANO;CITTA' METROPOLITANA DI MILANO;STABILIMENTO MILANO BROLLO - MARCEGAGLIA S.p.A.;SARCA;336;3929
MILANO;CITTA' METROPOLITANA DI MILANO;TORRE EVAPORATIVA - PIRELLI & C. PROJECT MANAGEMENT;PIRELLI;;3719
MILANO;CITTA' METROPOLITANA DI MILANO;TURRI SAS;Toffetti;19;15626
MILANO;CITTA' METROPOLITANA DI MILANO;VASCA AECOM ex Renault;Certosa;144;15166
MORIMONDO;CITTA' METROPOLITANA DI MILANO;AREA EX SIECAM S.r.l.;PER CASELLE;10;4079
NERVIANO;CITTA' METROPOLITANA DI MILANO;CAVA CRESPI /PINI, Pharmacia & Upjohn, La Murrina ex Garboli Rep, ora FOI Srl;loc. BRERA, VIA LA GUARDIA;1;2472
NERVIANO;CITTA' METROPOLITANA DI MILANO;Ditta Fratelli Della Vedova & C. snc;Ticino, 47;;150
NOVATE MILANESE;CITTA' METROPOLITANA DI MILANO;Area Ex Aiaste;Cavour;59;4482
NOVATE MILANESE;CITTA' METROPOLITANA DI MILANO;AREA EX STABILIMENTO TRIULZI;VIALBA;56;3473
OPERA;CITTA' METROPOLITANA DI MILANO;AREA EX PROTER - Proprietà  RECORDATI S.P.A. - NUOVA VALLAMBROSIA - ora FARMAOPERA SPA;LAMBRO;38;126
OPERA;CITTA' METROPOLITANA DI MILANO;Centro Stoccaggio Rifiuti SVR;Romagna;-;4878
OSSONA;CITTA' METROPOLITANA DI MILANO;SINISTRO DEL 05.07.04 Sp 34 km 4+650;EUROPA INCROCIO CON VIALE RIMEMBRANZE;-;4002
PADERNO DUGNANO;CITTA' METROPOLITANA DI MILANO;Area ex ENIRISORSE S.p.A.;Statale dei Giovi n. 5;-;5638
PADERNO DUGNANO;CITTA' METROPOLITANA DI MILANO;DISCARICA EX SNIA FIBRE, E AREA INDUSTRIALE NYLSTAR, CON VAREDO;DEI GIOVI KM 138;;2345
PADERNO DUGNANO;CITTA' METROPOLITANA DI MILANO;ELDAP S.r.l. area ex Tonolli;cesare beccaria;18;8809
PARABIAGO;CITTA' METROPOLITANA DI MILANO;Ex depuratore di Villastanza;Volturno;-;5899
PERO;CITTA' METROPOLITANA DI MILANO;CARBOTERMO SPA;TURATI;25;2579
PERO;CITTA' METROPOLITANA DI MILANO;PERO NORD- AUTOSTRADA A4;A4;;13566
PESCHIERA BORROMEO;CITTA' METROPOLITANA DI MILANO;AEROPORTO LINATE SITO RAM3;AEROPORTO;;9165
PESCHIERA BORROMEO;CITTA' METROPOLITANA DI MILANO;CARBODOLL s.r.l;F.LLI BANDIERA;21;3251
PESCHIERA BORROMEO;CITTA' METROPOLITANA DI MILANO;CENTRALI PRODUTTORI LATTE LOMBARDIA S.P.A.;2 GIUGNO;15;3212
PESCHIERA BORROMEO;CITTA' METROPOLITANA DI MILANO;DEPOSITI HUB EX AGIP A ED EX ESSO;AEROPORTO DI MILANO LINATE;;3532
PESCHIERA BORROMEO;CITTA' METROPOLITANA DI MILANO;DEPOSITO HUB EX AGIP PETROLI B;AEROPORTO DI MILANO LINATE;;2696
PESCHIERA BORROMEO;CITTA' METROPOLITANA DI MILANO;RAI Rifornimenti Aeroporti Italiani ex RAM - deposito RAI1;Linate;-;15190
PESCHIERA BORROMEO;CITTA' METROPOLITANA DI MILANO;Stabilimento SIRPI S.p.a.;Grandi;8;4882
PIEVE EMANUELE;CITTA' METROPOLITANA DI MILANO;KM 5, AUTOSPED S.A.S.;28 KM 5;;2765
PIEVE EMANUELE;CITTA' METROPOLITANA DI MILANO;P.V. ERG MI391, Via Amendola ang. Via Fizzonasco;Via Amendola ang. Via Fizzonasco;-;4541
PIOLTELLO;CITTA' METROPOLITANA DI MILANO;Incidente 8 aprile 2004, Strada Rivoltana km 3+900;Rivoltana;-;4615
POGLIANO MILANESE;CITTA' METROPOLITANA DI MILANO;Ditta Marbo Italia S.p.a.;Tasso;25/27;5700
PREGNANA MILANESE;CITTA' METROPOLITANA DI MILANO;AGIP PETROLI SPA, AREA DEPOSITO;VANZAGO;4;2586
PREGNANA MILANESE;CITTA' METROPOLITANA DI MILANO;DEPOSITO KUWAIT;LOMBARDIA;38;2764
RESCALDINA;CITTA' METROPOLITANA DI MILANO;DITTA COLOMBO SPA;GRIGNA;32;2357
RHO;CITTA' METROPOLITANA DI MILANO;AGIP PETROLI SPA, FRAZIONE LUCERNATE;LUCERNATE;;2582
RHO;CITTA' METROPOLITANA DI MILANO;Area Ex Muggiani;Volta/Torino;-;4839
RHO;CITTA' METROPOLITANA DI MILANO;CAMBIAGHI S.P.A.;SESIA;8/12;2628
RHO;CITTA' METROPOLITANA DI MILANO;Cava TERRAZZANO;;;174
RHO;CITTA' METROPOLITANA DI MILANO;CROMATURA RHODENSE;SENNA;11;2763
RHO;CITTA' METROPOLITANA DI MILANO;DEPOSITO AGIP PETROLI SpA;PREGNANA;103;2886
RHO;CITTA' METROPOLITANA DI MILANO;FOSFANTARTIGLIO-LEI;LIVENZA;15;177
RHO;CITTA' METROPOLITANA DI MILANO;Immob. EDERA S.r.l. e IPR, ex  area ACNA, ex Chimica Bianchi;MOLINO NUOVO/VALLASSA - VIA MAGENTA,;77;178
RHO;CITTA' METROPOLITANA DI MILANO;INCIDENTE DEL 26 LUGLIO 2010;dei Fontanili;0;16187
RODANO;CITTA' METROPOLITANA DI MILANO;SOC. LABONI SRL;Kennedy;1;15589
ROZZANO;CITTA' METROPOLITANA DI MILANO;Area Mappale 117 foglio 1;Monta Bianco;60/a;15150
ROZZANO;CITTA' METROPOLITANA DI MILANO;CENTRO COMMERCIALE FIORDALISO, SHELL ITALIA SPA;CURIEL;25;2408
ROZZANO;CITTA' METROPOLITANA DI MILANO;P.V. ESSO ITALIANA Srl n°0881;LOMBARDIA;38/A;2862
SAN DONATO MILANESE;CITTA' METROPOLITANA DI MILANO;Area De Gasperi Ovest;-;-;6840
SAN DONATO MILANESE;CITTA' METROPOLITANA DI MILANO;ex AGL, PIRELLI CAVI & SISTEMI SpA;PARRI;2;2870
SAN DONATO MILANESE;CITTA' METROPOLITANA DI MILANO;PUNTO VENDITA AGIP N. 2290;SAN DONATO EST DIREZIONE BO-MI;;4070
SAN GIORGIO SU LEGNANO;CITTA' METROPOLITANA DI MILANO;EX CHICO SNC;Einstein;0;10427
SAN GIULIANO MILANESE;CITTA' METROPOLITANA DI MILANO;BIELPE SPA - PUNTO VENDITA CARBURANTI;SILVIO PELLICO - FRAZIONE SESTO ULTERIANO;;3525
SAN GIULIANO MILANESE;CITTA' METROPOLITANA DI MILANO;Ditta Zincheria Musso;Lombardia;16;6986
SAN GIULIANO MILANESE;CITTA' METROPOLITANA DI MILANO;IMMOBILIARE ASSAGO, EX ANTIBIOTICOS;;;3218
SAN GIULIANO MILANESE;CITTA' METROPOLITANA DI MILANO;KLUBER LUBRICATION ITALIA;Monferrato;57;14847
SAN GIULIANO MILANESE;CITTA' METROPOLITANA DI MILANO;PUNTO VENDITA AGIP N. 2263;N. 40 MELEGNANO BINASCO;;3609
SAN GIULIANO MILANESE;CITTA' METROPOLITANA DI MILANO;PUNTO VENDITA TAMOIL 8058;ROMA - S.S. 9 EMILIA;9;4005
SAN GIULIANO MILANESE;CITTA' METROPOLITANA DI MILANO;Sito Air Product, proprietà ASHLAND ITALIA S.P.A.;UMBRIA;4;2902
SEGRATE;CITTA' METROPOLITANA DI MILANO;EX DITTA 3B ITALIA SRL;REDECESIO;14/18;3669
SENAGO;CITTA' METROPOLITANA DI MILANO;Area di Via Brodolini soc. Enel Distribuzione;Brodolini;-;15087
SENAGO;CITTA' METROPOLITANA DI MILANO;AREA EX PLASTECO MILANO S.r.l. - zona b proprietà Londra s.r.l.;MONTI;3;3623
SESTO SAN GIOVANNI;CITTA' METROPOLITANA DI MILANO;AREA BC46;Madonna del Bosco;330;15829
SESTO SAN GIOVANNI;CITTA' METROPOLITANA DI MILANO;Area Elyo;Barcellona;3;4485
SESTO SAN GIOVANNI;CITTA' METROPOLITANA DI MILANO;AREA EX ENICHEM // Soc. AREE srl;LUINI;241;3889
SESTO SAN GIOVANNI;CITTA' METROPOLITANA DI MILANO;AREA EX MARELLI - ex SAPSA BEDDING SPA ora NICHELCROM;RIMEMBRANZE;62;2478
SESTO SAN GIOVANNI;CITTA' METROPOLITANA DI MILANO;AREA SACRI;Cadore;38;10510
SESTO SAN GIOVANNI;CITTA' METROPOLITANA DI MILANO;CAVA PARPAGLIONA - MELZI & FIGLI;PARPAGLIONA;;2901
SESTO SAN GIOVANNI;CITTA' METROPOLITANA DI MILANO;IMMOBILIARE VIALE ITALIA SRL;Italia;936;12809
SESTO SAN GIOVANNI;CITTA' METROPOLITANA DI MILANO;PARCHEGGIO AUTOSILO;MANTOVANI;;2676
SESTO SAN GIOVANNI;CITTA' METROPOLITANA DI MILANO;P.V. ESSO 0072;Rimembranze;191;4157
SESTO SAN GIOVANNI;CITTA' METROPOLITANA DI MILANO;Scuola Media VII;F.lli di Dio;-;7766
SESTO SAN GIOVANNI;CITTA' METROPOLITANA DI MILANO;SOCIETA'  E.C.I.S. S.R.L. LOTTO 2SS4 CIMEP;PACE ANG. VIA MANTOVA;;2687
SETTALA;CITTA' METROPOLITANA DI MILANO;HENKEL;DON MINZONI;1;3229
SETTALA;CITTA' METROPOLITANA DI MILANO;SUN CHEMICAL GROUP SpA ex TOTAL INCHIOSTRI S.p.A.  Divisione Caleppio 1;A. GRANDI;6;206
SETTIMO MILANESE;CITTA' METROPOLITANA DI MILANO;PROSINTEX INDUSTRIE CHIMICHE ITALIANE S.R.L.;FERMI;20-26;2685
SETTIMO MILANESE;CITTA' METROPOLITANA DI MILANO;SUBERNOVA;SERRA;6;3232
TREZZANO ROSA;CITTA' METROPOLITANA DI MILANO;CAVA GERA EX CAVA DE LUCCHI;DE GASPERI;;4162
TREZZANO SUL NAVIGLIO;CITTA' METROPOLITANA DI MILANO;ALGAFINA, AREA ALGALITE;LEONARDO DA VINCI;271;3209
TREZZANO SUL NAVIGLIO;CITTA' METROPOLITANA DI MILANO;Area PII Brunelleschi;Brunelleschi;36-44;10729
TREZZANO SUL NAVIGLIO;CITTA' METROPOLITANA DI MILANO;BRENNTAG SPA;BOCCACCIO;3;2890
TREZZO SULL'ADDA;CITTA' METROPOLITANA DI MILANO;DITTA FORNACE LATERIZI, MAPPALI 68-69, Fg°11;GUARNIERIO;100;2274
TREZZO SULL'ADDA;CITTA' METROPOLITANA DI MILANO;Ditta SATRI srl ex ZINDER;LOMBARDIA;58;224
TREZZO SULL'ADDA;CITTA' METROPOLITANA DI MILANO;FORNACE DELL'ADDA, BETONVILLA S.P.A.;BRASCA;131;2769
TREZZO SULL'ADDA;CITTA' METROPOLITANA DI MILANO;via Brasca 131 ditta FORNACE DELL'ADDA;BRASCA;131;1614
TRIBIANO;CITTA' METROPOLITANA DI MILANO;fuoriuscita idrocarburi su sp 29;Rossini;;15741
TRIBIANO;CITTA' METROPOLITANA DI MILANO;SIRPI SPA;Cassino d'Alberi;19;15313
TRUCCAZZANO;CITTA' METROPOLITANA DI MILANO;Stabile privato;Milano;10;9865
TURBIGO;CITTA' METROPOLITANA DI MILANO;AREA LAGHETTO ARBUSTA;laghetto;;13848
TURBIGO;CITTA' METROPOLITANA DI MILANO;AREA  VIA MOLINARA;Molinara;;10285
TURBIGO;CITTA' METROPOLITANA DI MILANO;PRATI DELLA FOLLA, EX DISCARICA BAROZZA;;;229
VANZAGO;CITTA' METROPOLITANA DI MILANO;Cava Valderenne;;;269
VIMODRONE;CITTA' METROPOLITANA DI MILANO;Deposito TAMOIL PETROLI SpA;"N. 11 ""PADANA SUPERIORE""";;2871
VIMODRONE;CITTA' METROPOLITANA DI MILANO;EX DISCARICA E.C.A., ELFE sas,  NOVA Ludovico e figli;MIRAZZANO;-;244
VIMODRONE;CITTA' METROPOLITANA DI MILANO;EX TOSCOPETROL, BRENNTAG SPA;PADANA SUPERIORE n.11;35;2588
BARANZATE;CITTA' METROPOLITANA DI MILANO;Cava RONCHI;Bissone;-;16
BARANZATE;CITTA' METROPOLITANA DI MILANO;COSTRUZIONI AGRICOLE E INDUSTRIALI Srl, ex WEISS;Belgioioso/Tonale;-;2887
ALBINO;BERGAMO;Area lungo il fiume Serio, rinvenimento rifiuti interrati;Pertini;-;15253
ALBINO;BERGAMO;Ex AUTODEMOLIZIONI;LUNGA;46/A;3996
ARCENE;BERGAMO;EX CAVA CASCINA DAZIO;CASCINA DAZIO;;260
BAGNATICA;BERGAMO;DISCARICA ABUSIVA;V° ALPINI;;2735
BERGAMO;BERGAMO;Area CTG ITALCEMENTI GROUP;Vivaldi;13;4297
BERGAMO;BERGAMO;AREA EX REGGIANI MACCHINE;DEL GUERINO;;4172
BERGAMO;BERGAMO;CASERMA;Suardi;30;14427
BERGAMO;BERGAMO;EX TINTORIA OROBICA;Rota;-;9285
BERGAMO;BERGAMO;P.V. ERG BG096;Broseta;75/b;6245
BOLGARE;BERGAMO;AREA S2BIS;Europa;38;14966
BOLTIERE;BERGAMO;ex Cava Francesca;Fopa del Firmì;;18
BONATE SOPRA;BERGAMO;AREA ex autodemolizioni;Carsana;41;10435
BREMBATE;BERGAMO;ex D.I.M.;Grignano;33;22
BREMBATE DI SOPRA;BERGAMO;READY LINE SRL;G. DONIZETTI;114;3066
CALCIO;BERGAMO;AZIENDA AGRICOLA ZANETTI;;;2794
CALCIO;BERGAMO;TAV TRATTA MILANO VERONA LOC CASCINA TORCHIA;PROG. IN51 TRATTA MI/VE;;3588
CANONICA D'ADDA;BERGAMO;SCHLUMBERGER ITALIANA SPA-EX DOWELL;DEL LAVORO;1;3058
CARAVAGGIO;BERGAMO;EX VENETA MINERARIA;;;2621
CASAZZA;BERGAMO;ENI S.p.A. P.V. Agip 1522;NAZIONALE in fregio alla ss 42 KM 43+201;;3995
CASIRATE D'ADDA;BERGAMO;CASIRATE ISID CENTRALE, ENI SPA;;;12807
CASTELLI CALEPIO;BERGAMO;AREA EX FONDERIA DEL QUINTANO;LOC. QUINTANO;;3825
CASTELLI CALEPIO;BERGAMO;Faini Bigiotteria Porto, ROTOGALVANO SNC, ERGA S.P.A.GRUPPO ENEL;PORTO;;385
CISERANO;BERGAMO;Ditta ex CastelCrom s.r.l.;MARTIN LUTHER KING;5;2669
CISERANO;BERGAMO;ex depuratore;ex depuratore;;62
CISERANO;BERGAMO;EX Discarica Via S.P. Francesca;S.P. Francesca;;63
CISERANO;BERGAMO;Plume Zingonia, pozzo barriera di Ciserano;Giovanni XXIII;;15906
CIVIDATE AL PIANO;BERGAMO;AZIENDA AGRICOLA SAN GIORGIO;;;65
CIVIDATE AL PIANO;BERGAMO;ditta Nuova L.G.Z. srl;Cascina Bosco;1;399
CIVIDATE AL PIANO;BERGAMO;OLIFER ACP Acciaierie;MOTTA ALTA;14;397
COSTA VOLPINO;BERGAMO;DISCARICA DI SCORIE ACCIAIERIE PISOGNE;Pizzo - Torrente Ogliolo;;77
COSTA VOLPINO;BERGAMO;PIATTAFORMA ECOLOGICA;Santa martina;10;10293
COSTA VOLPINO;BERGAMO;P.V. TOTAL N. 2538;NAZIONALE;21;3993
DALMINE;BERGAMO;Ex P.V. Shell 11117;delle Valli;-;14186
GAZZANIGA;BERGAMO;Area Via Crispi;Crispi;-;4343
GORLE;BERGAMO;EX DEPOSITO PETROLIFERO;Leopardi;6;13486
GORLE;BERGAMO;FARMOL S.P.A. E FERRETTICASA;MONTE BIANCO;;3329
LEVATE;BERGAMO;DITTA CO.BE.A;;;2558
LOVERE;BERGAMO;P.V. SHELL 11095;Marconi;55;4254
MADONE;BERGAMO;P.I.I. Ex Borregard  - GREEN SERVIZI S.r.l.;carso;73;11766
MONASTEROLO DEL CASTELLO;BERGAMO;P.V. carburanti TOTAL;Kennedy;2;11087
MOZZANICA;BERGAMO;LUGO TRASPORT, EX CAVA BERGAMINI;;;146
MOZZANICA;BERGAMO;ROHM AND HAAS ITALIA SRL;11 Km 190;;147
OSIO SOPRA;BERGAMO;EX SMALTERIE OSIO, JACOB DELAFON ITALIA SRL;STATALE;7/9;3071
PEDRENGO;BERGAMO;CHEMTURA MANUFACTURING ITALY SRL EX GREAT LAKES;MAZZINI;11;2660
PONTE NOSSA;BERGAMO;Enirisorse ex Ditta Nuova Samin, Ponte Nossa S.p.A.;PONTE RISO;;168
SAN PELLEGRINO TERME;BERGAMO;CLUB TIRO AL VOLO;LOCALITA'  BALCONCELLO;;3821
SCANZOROSCIATE;BERGAMO;EX-LONZA SPA - POLYNT SPA;ENRICO FERMI;51;3125
SERIATE;BERGAMO;AREA IPER;Dolomiti;;14228
SERIATE;BERGAMO;Tiro al volo;Lazzaretto;-;15263
SORISOLE;BERGAMO;"Azienda Agricola ""AL LAGHETTO""- ex discarica Fonderia ARICCI";loc. Petosino Via Marconi;65;2165
SPIRANO;BERGAMO;Ex Piazzola Ecologica;Pace;-;11227
TELGATE;BERGAMO;MARMI OROBICI GRANITI SPA;CAVALLERA;1;3547
TERNO D'ISOLA;BERGAMO;Ditta FBM HUDSON;Valtrighe;5;2881
TORRE PALLAVICINA;BERGAMO;CAVA TELGATA Srl;;;2741
TRESCORE BALNEARIO;BERGAMO;AREA VALFERRO SNC;Gramsci;35;14810
TRESCORE BALNEARIO;BERGAMO;Preorobica Immobiliare srl area ex REPING srl;Gramsci;;219
TREVIGLIO;BERGAMO;BASLINI SPA;BASLINI;1;3069
TREVIGLIO;BERGAMO;Farchemia S.R.L.;Bergamo;121;492
TREVIGLIO;BERGAMO;ICIB SPA;Casorate Vecchia;4;11289
TREVIGLIO;BERGAMO;SCALO FERROVIARIO TREVIGLIO OVEST;ferroviario;;13866
VERDELLINO;BERGAMO;CDS Azienda Galvanica;Lisbona;20;15226
VERDELLINO;BERGAMO;Cromoplastica International spa;Oslo;3;9245
VERDELLINO;BERGAMO;NUOVA IGB SRL;Italia;19;14076
VILLA D'ALME';BERGAMO;P.V. AGIP 1542 Sp 470;Sigismondi;39;4494
ZANICA;BERGAMO;Area Ex Discarica SEAM;Padergnone;-;5595
ZANICA;BERGAMO;Discarica CUTER;Cascina Cucco;;246
AGNOSINE;BRESCIA;EX RIVADOSSI;Marconi;17;15893
BAGNOLO MELLA;BRESCIA;P.V. TAMOIL 8228, A.d.s. Ghedi Est;A 21;-;5435
BERZO DEMO;BRESCIA;Discarica GRAFTECH Stabilimento Forno Allione;-;-;5265
BOTTICINO;BRESCIA;Area DOROTEX srl in liquidazione, con Cromatura Staff plume  Cr VI;GARIBALDI;34;3467
BRESCIA;BRESCIA;Area Ex Magazzini Generali;-;-;6261
BRESCIA;BRESCIA;Baratti di Eredi Inselvini s.r.l.;Padova;7;9967
BRESCIA;BRESCIA;Cava Piccinelli;;;250
BRESCIA;BRESCIA;Ditta Forzanini - ex-Cromatura Forzanini - SIN Brescia-Caffaro;Ancona;62;14287
BRESCIA;BRESCIA;EX DEPOSITO ITALIANA PETROLI - PUNTO VENDITA 6977;SOSTEGNO;;3591
BRESCIA;BRESCIA;Linea AV/AC Milano-Verona Tratto Funzionale Treviglio Brescia IBS06b;ferroviario;-;16414
BRESCIA;BRESCIA;Linea AV/AC TO-VE tratta Milano-Verona Lotto Funzionale Treviglio Brescia;ferroviario Brescia;;14006
BRESCIA;BRESCIA;P.M.B. COSTRUZIONI S.R.L. EX CAM PETROLI;SARDEGNA;105;3131
BRESCIA;BRESCIA;P.V. AGIP 51755;Dalmazia;44;5258
BRESCIA;BRESCIA;SEDE IV CIRCOSCRIZIONE;VILLA GLORI;13;2883
CALCINATO;BRESCIA;AREA DEMANIO REGIONALE - LOCALITA' PONTE SAN MARCO;GAVARDINA;;2742
CALVISANO;BRESCIA;SISVA srl;brescia;65;32
CAPRIANO DEL COLLE;BRESCIA;Discarica Raffineria Metalli Capra;Monte Netto;-;6260
CASTEGNATO;BRESCIA;EX DISCARICA di R.S.U.;PIANERA;;3497
CASTENEDOLO;BRESCIA;CAVA FAUSTINI;GHISELLE;;3592
CASTENEDOLO;BRESCIA;EX CAVA LAGO BORGO;RISORGIMENTO;114;3041
CHIARI;BRESCIA;CAMPO SPORTIVO;Monteverdi;;3733
CHIARI;BRESCIA;PALAZZO CAVALLERI - PROPRIETA' RITIM;S.S. TRINITA';5;4114
CHIARI;BRESCIA;PARCO LOTTIZZAZIONE TRIFOGLIO;Trifoglio;;3714
CHIARI;BRESCIA;PARCO VILLA MAZZOTTI;Mazzini;;3675
CONCESIO;BRESCIA;"CAFFARO SPA - SOTTOSTAZIONE ELETTRICA ""STOCCHETTA""";ZANARDELLI;50;3435
DARFO BOARIO TERME;BRESCIA;ALBA - EX ACCIAIERIA SERENA  DI DARFO;PRADE A ERBANNO;--;4090
DARFO BOARIO TERME;BRESCIA;DARFO Trade - ex-Sageter;Bonara;12;11646
DARFO BOARIO TERME;BRESCIA;EX ITALSIDER;Bonara;;14909
DARFO BOARIO TERME;BRESCIA;EX STABILIMENTO CERESTAR SpA ora proprietà DIAMALTERIA ITALIANA;LEPETIT;6;3581
DARFO BOARIO TERME;BRESCIA;LINEA ENERGIA SPA - EX Sageter;Bonara;;9385
DARFO BOARIO TERME;BRESCIA;PUNTO VENDITA AGIP 1739;ROCCOLE;38;4040
DARFO BOARIO TERME;BRESCIA;PUNTO VENDITA TAMOIL PETROLI N. 6280;MARCONI;100;3424
DARFO BOARIO TERME;BRESCIA;Società DARFO SPA - SAGETER ENERGIA SPA;BONARA - LOC. CORNA;;3523
DELLO;BRESCIA;AREA ECO NEPROMA;San Zenone;;14746
DESENZANO DEL GARDA;BRESCIA;P. V. ESSO N. 1015;MARCONI;2;4130
DESENZANO DEL GARDA;BRESCIA;P.V. Shell 14023;Mantova;5;15155
DESENZANO DEL GARDA;BRESCIA;Sito FEDERAL MOGUL;Marconi;131;5255
ERBUSCO;BRESCIA;P. V. Total Erg 4034 AdS SEBINO NORD;A4 Milano Venezia;-;3454
ESINE;BRESCIA;P.V. TAMOIL 3536;42 del Tonale Km 78+130;-;5264
FIESSE;BRESCIA;CAVE ROCCA SRL;CASCINA PIAVE;;622
GARDONE VAL TROMPIA;BRESCIA;Area Ex Cromoplast;Matteotti;345;6267
GARDONE VAL TROMPIA;BRESCIA;FABBRICA PIETRO BERETTA;Pietro Beretta;18;9225
GARDONE VAL TROMPIA;BRESCIA;Galvanotechnik s.r.l.;Val Trompia;29;13326
GARDONE VAL TROMPIA;BRESCIA;TRW ITALIA S.P.A.;VALTROMPIA;125;2789
GAVARDO;BRESCIA;ASPIRECO SRL;BUSELLA;26;3048
GIANICO;BRESCIA;EX ACCIAIERIE E FERRIERE SEBINO S.p.A.;CAROBE;9;3944
LENO;BRESCIA;Area Ditta Ferrorottami F.lli Gorini;Bivio Risparmio;2;5425
LOGRATO;BRESCIA;REMI S.R.L., ECOLINE S.R.L.;IV NOVEMBRE;58;2619
LONATO;BRESCIA;Cascina Traversino;Campagnoli;;104
LONATO;BRESCIA;DISCARICA INCONTROLLATA;LOCALITA' TRIVELLINO;;3336
LONATO;BRESCIA;DITTA FERALPI;INDUSTRIA;23;632
MACLODIO;BRESCIA;Piombifera Italiana;Molini Emili;26;253
MANERBIO;BRESCIA;P.V. AGIP 1688;Brescia;-;8489
MAZZANO;BRESCIA;Ex discarica di Ciliverghe;-;-;8306
MONTICELLI BRUSATI;BRESCIA;ERCOS SPA;IV NOVEMBRE;;3043
MONTICHIARI;BRESCIA;Ditta Tank Wash Matras;Aeroporto;52;5456
MONTICHIARI;BRESCIA;Ex Cava Accini;località Terminoni;--;14807
MONTICHIARI;BRESCIA;ex cava Baratti;località Ponchioni;;634
MONTICHIARI;BRESCIA;EX CAVA BICELLI;località Ponchioni;--;14806
MONTICHIARI;BRESCIA;olio trasformatore ENEL;Montechiaresa;-;5618
MONTICHIARI;BRESCIA;Telecom Italia S.p.a. - perdita serbatoio;Marconi;52/54;8231
NAVE;BRESCIA;ACCIAIERIE E FERRIERE FENOTTI E COMINI SPA;TRENTO;26;14834
NAVE;BRESCIA;Ex-AFIM  - Oasi Immobiliare;Sorelle Minola;--;14833
ODOLO;BRESCIA;Ilfo SpA;BRESCIA;7;5281
ODOLO;BRESCIA;OLIFER SRL;MARCONI;4;3487
ORZINUOVI;BRESCIA;AREA  VIA ADUA 67;Adua;67;16447
ORZINUOVI;BRESCIA;PV ESSO 1324;Adua;26;5615
OSPITALETTO;BRESCIA;Linea AV MI-VR, sito OS04-CT101;tra Km 7+900 e 8+350;-;14366
PADERNO FRANCIACORTA;BRESCIA;CAVE SORELLE VIANELLI;;;3036
PASSIRANO;BRESCIA;PUNTO VENDITA AGIP PETROLI N. 11733;EUROPA - LOC. CAMIGNONE;;3402
PISOGNE;BRESCIA;DISCARICA PIZZO - DEPOSITO DI RIFIUTI ABBANDONATI;PIZZO;-;3513
PISOGNE;BRESCIA;EX COMPLESSO INDUSTRIALE - METAL FRA S.R.L.;MILANO;;2805
PISOGNE;BRESCIA;ex Officine Laminatoi Sebino S.p.A., CON COSTA VOLPINO;;;264
PISOGNE;BRESCIA;PEZZOTTI SRL;;;3442
PUEGNAGO SUL GARDA;BRESCIA;SIDERGARDA MOLLIFICIO BRESCIANO S.r.l. - LOC. RAFFA;nazionale;7;4113
QUINZANO D'OGLIO;BRESCIA;Discarica su proprietà S.I.M.P.O spa;Gandini;62;12491
REZZATO;BRESCIA;AGRISERVICE S.R.L. SVERSAMENTO DI IDROCARBURI;11;;2786
REZZATO;BRESCIA;Cromatura STAFF, con Area DOROTEX s.r.l. in liquidazione, plume  Cr VI;Gobetti;-;5619
REZZATO;BRESCIA;ESSO PVF 0831 km 15+ 238;sud di brescia;;15447
RONCADELLE;BRESCIA;rimozione rifiuti area ex Pietra;f.lli Cervi;;10349
ROVATO;BRESCIA;Discarica Cogeme Gestioni;Rimembranze;-;6984
SAREZZO;BRESCIA;EX STABILIMENTO INDUSTRIALE ITALCABLES SPA;F.lli Capponi;72;12086
SONICO;BRESCIA;P.V. Q8, S.S. 42 del Tonale e della Mendola;km 116+685;-;5235
TRAVAGLIATO;BRESCIA;DITTA NORD CAVE SRL;MACOGNA;;2804
VILLA CARCINA;BRESCIA;AREA  P.A.5;MARCONI;;4103
VILLA CARCINA;BRESCIA;EFFEBIESSE S.p.A.;via Vittorio Veneto;142;3946
VOBARNO;BRESCIA;S.P IV -LOC.Carpeneda - Rilascio accidentale;s.p IV Tormini-Barghe;;9811
PIANCOGNO;BRESCIA;Area dismessa ex Ditta VI.BI.;SERRAT;;2496
ALBAREDO ARNABOLDI;PAVIA;Ditta Zeta Petroli - OIL TERMICA;BRONZI;;4
BEREGUARDO;PAVIA;DITTA ESSO ITALIANA S.R.L.PVF ESSO 0239;PARTIGIANI;;3805
BORGO SAN SIRO;PAVIA;SARPI METALLI, COMETAL SRL;Frazione Cason Polo;-;2471
BRONI;PAVIA;P.V. TAMOIL 4207;Veneto;-;5295
CASANOVA LONATI;PAVIA;AREA PROPRIETA' PRIVATA - SVERSAMENTO SERBATOIO INTERRATO;Mazzini;21;16435
CASTEGGIO;PAVIA;EX PV SHELL;Emilia;107;7813
DORNO;PAVIA;ROC RM S.R.L.;A7 AREA  SERVIZIO DORNO EST.KM 100,400 GE-MI;;3800
FERRERA ERBOGNONE;PAVIA;DEPOSITO PRAOIL OLEODOTTI ITALIANI S.P.A.;Zona Industriale;;2799
FERRERA ERBOGNONE;PAVIA;Serbatoio S16 - deposito Praoil;Zona industriale;;314
LARDIRAGO;PAVIA;Fuoriuscita accidentale gasolio propr. Privata - Corso d'acqua superficiale in fregio alla S.P. 2;per Melegnano;2;8169
MEDE;PAVIA;P.V. TAMOIL 8059;Dei Mille;-;5296
MONTICELLI PAVESE;PAVIA;AGRICHIMICA/COLLA;ARSENALE;;143
MORTARA;PAVIA;Stabilimento di Via Lomellina 7 - ex area Marzotto;Lomellina;7;8406
PAVIA;PAVIA;AREA EX NECA;R. BRICHETTI;7;3801
PAVIA;PAVIA;BORGO SNIA SRL - TRADITAL SPA;MONTEGRAPPA - VIA DOSSI;;3447
PAVIA;PAVIA;CONDOMINIO BCD;MARCONI;1/D;2846
PAVIA;PAVIA;PUNTO VENDITA CARBURANTE AGIP PETROLI, PV 2280;BRAMANTE;50;2526
PAVIA;PAVIA;PV 49080  AGIP;SS 35;;3794
PINAROLO PO;PAVIA;ditta Chimica Ponte Alto;adicente S.P. 15 per Ca' de' Giorgi;;167
PONTE NIZZA;PAVIA;EX PUNTO VENDITA ESSO N. 0237;EX 461 DEL PENICE - KM. 18+347,5;-;4119
RIVANAZZANO;PAVIA;TELECOM ITALIA SPA;Valdetara;6;10589
ROBBIO;PAVIA;P.V. ERG PV082;Mortara;11;5297
SAN GIORGIO DI LOMELLINA;PAVIA;Sversamento SADECOL resina ureica del 08/01/2008;Provinciale 211 Km 43+600;-;8276
SAN MARTINO SICCOMARIO;PAVIA;P.V. TOTAL 1142;596 località S. Croce;-;5475
SANNAZZARO DE'BURGONDI;PAVIA;APPEZZAMENTO AGRICOLO DI FORTUNATA SAS;SP 206;-;10128
SANNAZZARO DE'BURGONDI;PAVIA;EX DEPOSITO AGIP PETROLI - ENI DIV. R&M;Via Mattei;ND;3798
SANNAZZARO DE'BURGONDI;PAVIA;RAFFINERIA DI SANNAZZARO ENI S.P.A.;MATTEI;46;2798
SPESSA;PAVIA;ex RIVOL;;;213
STRADELLA;PAVIA;"incidente presso AdS ""Stradella Sud""";A21;-;5311
STRADELLA;PAVIA;PV Tamoil 4246;Repubblica;25;5312
TROMELLO;PAVIA;P.V. ESSO 0218;per Garlasco;19;5302
VALEGGIO;PAVIA;OLEODOTTO FERRERA-CASCINA CARDINALA;Cascina Cardinala;;15895
VALLE LOMELLINA;PAVIA;S.I.F.;Stazione FS;;232
VARZI;PAVIA;P.V. ESSO 0240 DI SALA EZIO;LOMBARDIA;92;3528
VARZI;PAVIA;Vallestaffora s.r.l. - Fraz. S. Martino Loc. Aronchio;S. Martino Loc. Aronchio;-;7649
VIGEVANO;PAVIA;EX INCENERITORE - ASM;TORINO;116;3786
VOGHERA;PAVIA;EX DITTA GROVE DRESSER ITALIA SRL - COOPER CAMERON VALVES;ITALO BETTO;11;3780
VOGHERA;PAVIA;EX P.V. AGIP 9053;Piacenza S.S. 10;;8891
CA' D'ANDREA;CREMONA;PIADENA EST EX CENTRALE, ENI SPA;;;3025
CASALMAGGIORE;CREMONA;F.I.R. ELETTROMECCANICA;Via Roma;19;40
CASTELLEONE;CREMONA;BIC ITALIA S.p.A.;VILLA GALLOTTA DI SOTTO;;3405
CREMONA;CREMONA;ADS 2616 CREMONA SUD;A21 Km. 194;;7804
CREMONA;CREMONA;Area ex Armaguerra;Castelleone;;7809
CREMONA;CREMONA;DITTA FRAGNI;delle industrie;34;14438
CREMONA;CREMONA;KEROPETROL;boschetto;12;14408
CREMONA;CREMONA;TAMOIL RAFFINAZIONE SPA;CADUTI DEL LAVORO;30;3011
GRUMELLO CREMONESE ED UNITI;CREMONA;P.V. API 41860, S.S. 415 km 58+711;415 km 58+711;-;6101
OFFANENGO;CREMONA;STABILIMENTO BOSCH VHIT SPA;CIRCONVALLAZIONE SUD;22;3490
SALVIROLA;CREMONA;PV  6085, TAMOIL PETROLI SPA;UMBERTO I;18;3031
SERGNANO;CREMONA;P.V.  TAMOIL 6086;Marconi;-;4767
SERGNANO;CREMONA;STOGIT SPA CENTRALE DI SERGNANO 2;;;3463
ACQUANEGRA SUL CHIESE;MANTOVA;DISCARICA ABUSIVA EX FLUCOSIT;VALLI DI MOSIO;;3233
ACQUANEGRA SUL CHIESE;MANTOVA;Fraz. Mosio - ex Italfert;ALDO MORO;70;1651
ACQUANEGRA SUL CHIESE;MANTOVA;P.V. TAMOIL 3415;Matteotti;58;4822
ASOLA;MANTOVA;EX CONSORZIO AGRARIO;Brescia;12;3864
ASOLA;MANTOVA;ex Ditta Ghisleri e Domaschio;Pirandello;;1654
ASOLA;MANTOVA;EX  FLUCOSIT;68;;11
BAGNOLO SAN VITO;MANTOVA;P.V. ESSO 12A9;Autobrennero A22 km 45,6;-;3246
CARBONARA DI PO;MANTOVA;CENTRALE TERMOELETTRICA ENEL- EUROGEN;CRISTOFORO COLOMBO;2;2186
CASTELLUCCHIO;MANTOVA;P.V. TAMOIL 8279;Roma S.S. 10 Padana Inferiore;-;4819
CASTIGLIONE DELLE STIVIERE;MANTOVA;Albright & Wilson ex Marchon - ora HUNTSMAN SURFACE SCIENCES ITALIA S.r.l.;CAVOUR;50;48
CASTIGLIONE DELLE STIVIERE;MANTOVA;Area Ex Rubinetterie Rapetti;-;-;4775
CASTIGLIONE DELLE STIVIERE;MANTOVA;Area MDG FOR LOG S.P.A. Messaggerie del Garda;Carpenedolo;90;7865
CASTIGLIONE DELLE STIVIERE;MANTOVA;AUTOLAVAGGIO DITTA BERTANI TRASPORTI;Cavour;58;14075
CASTIGLIONE DELLE STIVIERE;MANTOVA;Cava del PIRATA;;;49
CASTIGLIONE DELLE STIVIERE;MANTOVA;Cava LA BUSA;;;50
MANTOVA;MANTOVA;Area CLAIPA;S. Marta;15;4797
MANTOVA;MANTOVA;AREA COMUNALE;Porta Cerese/angolo v.le Allende;;11049
MANTOVA;MANTOVA;POLO CHIMICO MANTOVA: POLIMERI EUROPA EX ENICHEM  sversamento accidentale benzene dalla stazione pipeline;TALIERCIO G.;14;2400
MANTOVA;MANTOVA;P.V. AGIP 2094, Località Lunetta;Legnago;1;4813
MANTOVA;MANTOVA;P.V. ERG, Località Cittadella, S.S. 62 della Cisa;62 della Cisa;-;4798
MANTOVA;MANTOVA;P.V. ESSO;FAVORITA;;3865
MANTOVA;MANTOVA;TEA SPA;STRETTO;12;3515
MARCARIA;MANTOVA;DITTA AGA.VI, LOCALITA' CAMPITELLO;MOTTELLA;7;2477
MARMIROLO;MANTOVA;SITO LA FONTANA;Strada Soave;22H;14840
MARMIROLO;MANTOVA;SVERSAMENTO DI GASOLIO S.S 236 KM 7+600;S.S 236;0;12416
OSTIGLIA;MANTOVA;Centrale elettrica E-On - Area parco combustibile PN1, zona ex serbatoio S2;-;-;6602
OSTIGLIA;MANTOVA;Donaldson Italia S.r.l.;Abetone Brennero;15;6601
OSTIGLIA;MANTOVA;PBL COLORI ESSO 105667;Abetone Brennero;0;15846
OSTIGLIA;MANTOVA;P.V. ESSO 1201;Abetone Brennero;-;4815
POGGIO RUSCO;MANTOVA;P.V. AGIP N. 2550;12 DELL'ABETONE;;3522
RODIGO;MANTOVA;CUMULO POSTO SOTTO SEQUESTRO;per Malpensa;09;16188
ROVERBELLA;MANTOVA;PUNTO VENDITA ESSO 1214;statale  N. 249  Km 4+065;;3313
SUSTINENTE;MANTOVA;P.V. AGIP 12090;Marconi ex S.S. 482 km 19+100;-;4777
VIADANA;MANTOVA;TAMOIL P.V. N. 1276 - LOC. BELLAGUARDA;ARGINE CERIANA;-;3267
BARZANO';LECCO;PUNTO VENDITA CARBURANTI ESSO;ROMA;58;3274
BELLANO;LECCO;Presidio Ospedaliero Umberto I - sversamento gasolio;Carlo Alberto;25;5457
BRIVIO;LECCO;Gruppo SAL spa EX-GEPLAST EX ITALPLASTIC;COMO;73;2994
BULCIAGO;LECCO;Imagest Edificio industriale;Briantea;-;6707
BULCIAGO;LECCO;km36, HONEYWELL TEVA P. F. C. SRL;BRIANTEA;83;3133
CALCO;LECCO;PV SHELL N. 12  DITTA C.P.P.;NAZIONALE;5;4156
CALOLZIOCORTE;LECCO;DITTA I.C.S. SPA;STOPPANI;25;2643
CALOLZIOCORTE;LECCO;ESSO ITALIANA S.R.L. 0987;EUROPA;84;2992
CALOLZIOCORTE;LECCO;EX PV Q8 NUMERO 1403;DANTE;39;4148
CASSAGO BRIANZA;LECCO;area ex SALVIT,serbatoio interrato;;;42
CASSAGO BRIANZA;LECCO;CEMENTERIA DI MERONE S.P.A. - Holcim Cementi S.p.A.;STAZIONE;1;3271
CERNUSCO LOMBARDONE;LECCO;TOTAL ITALIA SPA PV 2102;Statale 36 dello Spluga km 31+240;;11166
CIVATE;LECCO;EX AMBITO PRODUTTIVO;Provinciale;29/33;13832
LECCO;LECCO;DEPOSITO DI ROTTAMI FERROSI NELL'AREA DELLA DITTA RIVA SERGIO;BELFIORE;26;4145
LECCO;LECCO;ex-P.V. AGIP N1873  -oggi Tamoil;BERGAMO;157;2784
MERATE;LECCO;EX PUNTO VENDITA TOTAL;XXV aprile;31;10512
MISSAGLIA;LECCO;Area dismessa;Europa;21;11608
MOLTENO;LECCO;DITTA KONIG SPA;LOMBARDIA;8;4140
MOLTENO;LECCO;PV TAMOIL 6074;50;;3353
OSNAGO;LECCO;AREA VIA DELLE MARASCHE;Delle Marasche e XXV Aprile;0;16507
ROVAGNATE;LECCO;Ex PV AGIP 1914;Brusadelli;-;6982
SANTA MARIA HOE';LECCO;DITTA BESSEL S.P.A.;PAPA GIOVANNI XXIII;59;4142
VALMADRERA;LECCO;AREA EX DITTA FOMP FONDERIE S.P.A.;COMO;14;4154
VALMADRERA;LECCO;Ditta SILEA S.p.A.;Vassena;6;12206
VERCURAGO;LECCO;EX  AREA SA.FI.LO;Pirelli;1;10012
VERDERIO;LECCO;AREA IMPIANTO DI DEPURAZIONE ECOSYSTEM - FOGLIO 3 MAPP. 1028;dei Tre Re;31;4141
VERDERIO;LECCO;TERNA SPA GRUPPO ENEL, CON CORNATE D'ADDA;Per Cornate;;2975
CASALETTO LODIGIANO;LODI;DITTA PROCHISA S.p.A - LOC. MAIRANO;RIMEMBRANZE;1;2551
CASALPUSTERLENGO;LODI;PANTAECO S.r.l.;COSTE FORNACI;;4034
CASALPUSTERLENGO;LODI;P.V. Q8 1113;XXV Aprile;9;5339
CODOGNO;LODI;Area Ex DEBAT Chimica ora CHEMITRUST;Borsa;11;5338
CODOGNO;LODI;INSEDIAMENTO INDUSTRIALE;Buonarroti;9;15151
CORNEGLIANO LAUDENSE;LODI;Area Soc. LIVIANA srl, in prossimità roggia Codogna;Marescalca;-;1880
CRESPIATICA;LODI;ex FINITALIA, ora ANGELO BERETTA;Nino Dall'Oro;32;2728
CRESPIATICA;LODI;EX SAINT GOBAIN ISOVER ITALIA ORA DITTA OTIL;DANTE;76;3583
CRESPIATICA;LODI;N.E.T. ex RA.BO International;Dante Alighieri;51;78
FOMBIO;LODI;AKZO NOBEL S.p.a. + Chemval;Emilia;2;280
FOMBIO;LODI;MICRON S.N.C.,  EX LAMBDA 2;EMILIA;4;3193
FOMBIO;LODI;P.V. Carburanti API;EMILIA S.S. 9 KM 207+709;;4075
GUARDAMIGLIO;LODI;Area ex Ecoprogram;CASCINA TRAVERSI;-;3350
LODI;LODI;AREA  PRODUTTIVA DISMESSA;S.Angelo;1;15251
LODI;LODI;BAERLOCHER ITALIA SPA;San Colombano;62/A;2884
LODI;LODI;Ex Punto vendita Shell 49180;CAVALLOTTI;31;266
LODI;LODI;P.V. TotalErg ex AGIP N. 2168;SANT'ANGELO;-;3519
LODI;LODI;P.V. TOTAL Ex P.V. IP, ex P.V. AGIP 1967;Milano;46;5344
LODI VECCHIO;LODI;SOCIETA' SIGEMI SRL;Pezzolo/Lodi Vecchio;-;4104
LODI VECCHIO;LODI;Stabilimento REEVES S.p.a. ora Trelleborg;industriale;-;5322
MARUDO;LODI;Stabilimento Dobfar Holding;Vignazze;45;6988
MONTANASO LOMBARDO;LODI;CENTRALE TERMOELETTRICA E-ON ex-ENDESA ITALIA DI TAVAZZANO E MONTANASO;EMILIA;12/A;3327
MONTANASO LOMBARDO;LODI;Sinistro stradale ROGGIA MONTANASA del 27/12/08;Provinciale 16 Km 1+600;-;9401
MULAZZANO;LODI;PROPR. IMMOB.90, NUOVA CROMOTIME - FRAZ. CASSINO D'ALBERI;ALESSANDRINI;12;2633
PIEVE FISSIRAGA;LODI;VISCOLUBE;Tavernelle;19;12867
SAN MARTINO IN STRADA;LODI;Area loc. Camairana ex LE ANSE DELL'ADDA;CAMAIRANA;-;3570
SAN ROCCO AL PORTO;LODI;Area agricola - spandimento incontrollato;CASCINA ISOLONE;;3373
SAN ROCCO AL PORTO;LODI;AREA IMPIANTO FOTOVOLTAICO TERNA;Contesse;-;12950
SANT'ANGELO LODIGIANO;LODI;EX DITTA ELETTROGALVANICA CELLA snc;TURATI;3/5;2647
SANT'ANGELO LODIGIANO;LODI;P.V. ESSO 0523;Zara;2;5320
SECUGNAGO;LODI;Società SCAR S.r.l.;ZONA INDUSTRIALE;;193
SOMAGLIA;LODI;Area di servizio P.V. ESSO EX P.V. ERG MI445;A1 Somaglia Ovest;-;5341
SOMAGLIA;LODI;CONCERIA PALLADIO SRL;CA' BIANCA;;2596
SOMAGLIA;LODI;P.V. SHELL 49.230, Ads Somaglia Est, A1;A1;-;8454
TAVAZZANO CON VILLAVESCO;LODI;SOCIETA' ELETTROCHIMICA SOLFURI E CLORODERIVATI S.P.A.;LODIVECCHIO;10;2950
VALERA FRATTA;LODI;Discarica rsu;C.na  Sacchella;;231
VILLANOVA DEL SILLARO;LODI;ex cava BARGANO;;;242
AGRATE BRIANZA;MONZA-BRIANZA;Sversamento incidentale A4 al KM 20 + 300 EST;A4;;2597
ARCORE;MONZA-BRIANZA;Società SOFINPAR/FINTECNA, EX AREA FALCK - Società Devero SpA;Grandi;100;9371
BARLASSINA;MONZA-BRIANZA;Punto vendita Carburanti 4205 s.s dei giovi;Milano;0;9132
BELLUSCO;MONZA-BRIANZA;FRATELLI BIELLA PETROLI SPA;SAN NAZZARO;22;3173
BESANA IN BRIANZA;MONZA-BRIANZA;P.V. ESSO 0026;Kennedy;21;4924
BIASSONO;MONZA-BRIANZA;Area di Via Garibaldi;Garibaldi;9/11;4634
BOVISIO-MASCIAGO;MONZA-BRIANZA;AREA EX ACNA;loc. Groane;;3269
BOVISIO-MASCIAGO;MONZA-BRIANZA;Area Ex ICSAM S.r.l.;Tolmino;56;8266
BOVISIO-MASCIAGO;MONZA-BRIANZA;Ex insediamento industriale;Via C. Cantù;;2819
BOVISIO-MASCIAGO;MONZA-BRIANZA;MINGARDI & FERRARA SRL area ex RELUB;DELL'INDUSTRIA;6;3417
BRUGHERIO;MONZA-BRIANZA;Area di Via S. Giuseppe angolo Via Galbiati;San Giuseppe;-;12629
BRUGHERIO;MONZA-BRIANZA;Ditta Cromium Plating Italiana spa, CPI;Via Aristotele;4;27
BRUGHERIO;MONZA-BRIANZA;ex insediamento Stoppani Coatings;Lombardia;2;7505
BRUGHERIO;MONZA-BRIANZA;MAGNAGHI AEROSPACE SPA;SAN MAURIZIO AL LAMBRO;20;3317
BURAGO DI MOLGORA;MONZA-BRIANZA;Area BASF Coatings;200;-;6708
CERIANO LAGHETTO;MONZA-BRIANZA;ex-Rhodia Italia s.p.a.  - Ceriano 2010 srl;I Maggio;80;13366
CERIANO LAGHETTO;MONZA-BRIANZA;SNIA S.P.A., RHODIA ENGINEERING PLASTICS S.R.L., CAFFARO FLEXIBILE PACKAGING S.P.A., CON SOLARO;1° MAGGIO;;2917
CESANO MADERNO;MONZA-BRIANZA;Area BASF Italia srl;Marconato;8;13887
CESANO MADERNO;MONZA-BRIANZA;Discariche ex SNIA - Aree esterne di proprietà NYLSTAR - Immobiliare SNIA;VIA DELLE GROANE;;60
CONCOREZZO;MONZA-BRIANZA;DITTA ICROM;1° MAGGIO;36;2719
CORREZZANA;MONZA-BRIANZA;Antibioticos S.p.A.;Guzzafame;-;73
DESIO;MONZA-BRIANZA;Area di Via Galvani 24;Galvani;24;6487
DESIO;MONZA-BRIANZA;Area industriale dismessa;Bernina;7;15451
DESIO;MONZA-BRIANZA;AREA VIA AGNESI;via Agnesi;212;9209
DESIO;MONZA-BRIANZA;AREA VIA DUE PALME 35;Due Palme;35;14706
DESIO;MONZA-BRIANZA;CAPANNONE FARINA;Don Sturzo;40;14831
DESIO;MONZA-BRIANZA;CONSORZIO TRASPORTI NORD MILANO SPA;GUIDO ROSSA;17;3156
LESMO;MONZA-BRIANZA;ex Soc. Nobel Chemicals;PEREGALLO;;1084
LESMO;MONZA-BRIANZA;PV SHELL 49.022;XXV Aprile;18;16148
LIMBIATE;MONZA-BRIANZA;Edificio scolastico, serbatoio;GRAN SASSO;;16711
LIMBIATE;MONZA-BRIANZA;Europeir S.r.l. - Area 1;Salerno/Via Po;-;8065
LISSONE;MONZA-BRIANZA;AREA DI VIA VESPUCCI - f.lli Mariani;Vespucci;11;12387
LISSONE;MONZA-BRIANZA;Area via Nobel 38;Nobel;38;12046
MONZA;MONZA-BRIANZA;Area condominiale - serbatoio;ADIGRAT;14;3466
MONZA;MONZA-BRIANZA;Area ex P.V. Carburanti FLEN Spa;Boito;31;11751
MONZA;MONZA-BRIANZA;AREA MELETTE DI GALLIO;Melette di Gallio angolo Via Vetta d'Italia;;15729
MONZA;MONZA-BRIANZA;AREA PIANO ATTUATIVO 41 F;Europa;;14547
MONZA;MONZA-BRIANZA;AUTODEMOLIZIONI Verrastro;delle industrie;45;3660
MONZA;MONZA-BRIANZA;COSMALVER;Sicilia- Privata Pompei;114;12366
MONZA;MONZA-BRIANZA;EX CAVA NEL CIMITERO CENTRALE DI MONZA;;;2627
MONZA;MONZA-BRIANZA;F.LLI RE S.A.S.;TORQUATO TASSO;11;3265
MONZA;MONZA-BRIANZA;Philips - Sede Operativa;Casati;23;8239
MONZA;MONZA-BRIANZA;P.V. ESSO 0018;Lecco;140;4740
MONZA;MONZA-BRIANZA;P.V. ESSO 0070;Fermi;35;4736
MONZA;MONZA-BRIANZA;P.V. Q8 1171;Monte Santo;9;8067
NOVA MILANESE;MONZA-BRIANZA;Area dismessa SPEEDOIL;Caravaggio;56;10586
NOVA MILANESE;MONZA-BRIANZA;ex CROMOTECNICA;SILVIO PELLICO;4;153
RENATE;MONZA-BRIANZA;Ex P.V. Q8 1236;Dante Alighieri;4;4874
SEREGNO;MONZA-BRIANZA;Ex deposito mezzi;Valassina;40;15870
VERANO BRIANZA;MONZA-BRIANZA;Area cimiteriale;CIMITERO;/;2531
VILLASANTA;MONZA-BRIANZA;DELCHI CARRIER spa;R. Sanzio;nd;243
VILLASANTA;MONZA-BRIANZA;EX FABBRICA TRONCONI;Garibaldi;73/75;11409
VILLASANTA;MONZA-BRIANZA;LOMBARDA PETROLI S.P.A.;RAFFAELLO SANZIO;4;2306
VIMERCATE;MONZA-BRIANZA;CAVA BRIOSCHI;DEL BURAGHINO;;3220
CAPONAGO;MONZA-BRIANZA;P.V. AGIP 2155, Autostrada A4 area servizio Brianza Sud;A4;-;10730
